fua	ukifua	V;FIN;SUBJ;COM;PST;3;SG;LGSPEC2
fua	ukafue	V;FIN;SUBJ;LGSPEC10;3;SG;LGSPEC2
fua	inafua	V;FIN;IND;PRES;3;PL;LGSPEC2
fua	wafua	V;FIN;INDF3;PL;LGSPEC1
fua	ikafua	V;FIN;IND;LGSPEC10;3;PL;LGSPEC2
fua	vimefua	V;FIN;IND;PST;PRF;3;PL;LGSPEC4
fua	vilifua	V;FIN;IND;PST;3;PL;LGSPEC4
fua	chafua	V;FIN;IND;INDF3;SG;LGSPEC4
fua	tufue	V;FIN;SUBJ;PST;1;PL
fua	vingalifua	V;FIN;IND;COND;PST;3;PL;LGSPEC4
fua	litafua	V;FIN;IND;FUT;3;SG;LGSPEC3
fua	zitafua	V;FIN;IND;FUT;3;PL;LGSPEC5
fua	yakafue	V;FIN;SUBJ;LGSPEC10;3;PL;LGSPEC3
fua	ingefua	V;FIN;IND;COND;PRES;3;SG;LGSPEC5
fua	ilifua	V;FIN;IND;PST;3;SG;LGSPEC5
fua	zikifua	V;FIN;SUBJ;COM;PST;3;PL;LGSPEC6
fua	lingalifua	V;FIN;IND;COND;PST;3;SG;LGSPEC3
fua	kingefua	V;FIN;IND;COND;PRES;3;SG;LGSPEC4
fua	kimefua	V;FIN;IND;PST;PRF;3;SG;LGSPEC4
fua	lifue	V;FIN;IND;PST;3;SG;LGSPEC3
fua	nikifua	V;FIN;SUBJ;COM;PST;1;SG
fua	ikafue	V;FIN;SUBJ;LGSPEC10;3;SG;LGSPEC5
fua	wanafua	V;FIN;IND;PRES;3;PL;LGSPEC1
fua	zafua	V;FIN;INDF3;PL;LGSPEC6
fua	tukafua	V;FIN;IND;LGSPEC10;1;PL
fua	wamefua	V;FIN;IND;PST;PRF;3;PL;LGSPEC1
fua	nafua	V;FIN;IND;IND;INDF1;SG
fua	utafua	V;FIN;IND;FUT;2;SG
fua	linafua	V;FIN;IND;PRES;3;SG;LGSPEC3
fua	akafua	V;FIN;IND;LGSPEC10;3;SG;LGSPEC1
fua	limefua	V;FIN;IND;PST;PRF;3;SG;LGSPEC3
fua	ukifua	V;FIN;SUBJ;COM;PST;2;SG
fua	kufua	V;NFIN
fua	tungalifua	V;FIN;IND;COND;PST;1;PL
fua	tukifua	V;FIN;SUBJ;COM;PST;1;PL
fua	umefua	V;FIN;IND;PST;PRF;3;SG;LGSPEC6
fua	ukifua	V;FIN;SUBJ;COM;PST;3;SG;LGSPEC6
fua	ifue	V;FIN;IND;PST;3;SG;LGSPEC5
fua	zinafua	V;FIN;IND;PRES;3;PL;LGSPEC6
fua	zikafua	V;FIN;IND;LGSPEC7;3;PL;LGSPEC6
fua	ingefua	V;FIN;IND;COND;PRES;3;PL;LGSPEC2
fua	mlifua	V;FIN;IND;PST;2;PL
fua	yafue	V;FIN;SUBJ;PST;3;PL;LGSPEC3
fua	mngalifua	V;FIN;IND;COND;PST;2;PL
fua	watafua	V;FIN;IND;FUT;3;PL;LGSPEC1
fua	tukafue	V;FIN;SUBJ;LGSPEC10;1;PL
fua	ukafua	V;FIN;IND;LGSPEC10;3;SG;LGSPEC2
fua	hufua	V;FIN;IND;HAB;SG
fua	ikifua	V;FIN;SUBJ;COM;PST;3;PL;LGSPEC2
fua	ungefua	V;FIN;IND;COND;PRES;2;SG
fua	umefua	V;FIN;IND;PST;PRF;2;SG
fua	nifue	V;FIN;IND;PST;1;SG
fua	likifua	V;FIN;SUBJ;COM;PST;3;SG;LGSPEC3
fua	akafue	V;FIN;SUBJ;LGSPEC10;3;SG;LGSPEC1
fua	zinafua	V;FIN;IND;PRES;3;PL;LGSPEC5
fua	yafua	V;FIN;INDF3;PL;LGSPEC2
fua	yakafua	V;FIN;IND;LGSPEC10;3;PL;LGSPEC3
fua	zilifua	V;FIN;IND;PST;3;PL;LGSPEC6
fua	zingalifua	V;FIN;IND;COND;PST;3;PL;LGSPEC6
fua	zimefua	V;FIN;IND;PST;PRF;3;PL;LGSPEC5
fua	yalifua	V;FIN;IND;PST;3;PL;LGSPEC3
fua	lafua	V;FIN;IND;INDF3;SG;LGSPEC3
fua	ifue	V;FIN;SUBJ;PST;3;PL;LGSPEC2
fua	zingalifua	V;FIN;IND;COND;PST;3;PL;LGSPEC5
fua	kitafua	V;FIN;IND;FUT;3;SG;LGSPEC4
fua	vitafua	V;FIN;IND;FUT;3;PL;LGSPEC4
fua	ninafua	V;FIN;IND;PRES;1;SG
fua	vikafue	V;FIN;SUBJ;LGSPEC10;3;PL;LGSPEC4
fua	ungefua	V;FIN;IND;COND;PRES;3;SG;LGSPEC6
fua	ikafua	V;FIN;IND;LGSPEC10;3;SG;LGSPEC5
fua	ulifua	V;FIN;IND;PST;3;SG;LGSPEC2
fua	zikifua	V;FIN;SUBJ;COM;PST;3;PL;LGSPEC5
fua	ungalifua	V;FIN;IND;COND;PST;3;SG;LGSPEC2
fua	angefua	V;FIN;IND;COND;PRES;3;SG;LGSPEC1
fua	nimefua	V;FIN;IND;PST;PRF;1;SG
fua	kifue	V;FIN;IND;PST;3;SG;LGSPEC4
fua	kikifua	V;FIN;SUBJ;COM;PST;3;SG;LGSPEC4
fua	kikafue	V;FIN;SUBJ;LGSPEC10;3;SG;LGSPEC4
fua	mnafua	V;FIN;IND;PRES;2;PL
fua	yafua	V;FIN;INDF3;PL;LGSPEC3
fua	mkafua	V;FIN;IND;LGSPEC10;2;PL
fua	mngefua	V;FIN;IND;COND;PRES;2;PL
fua	wafua	V;FIN;IND;IND;INDF3;SG;LGSPEC2
fua	atafua	V;FIN;IND;FUT;3;SG;LGSPEC1
fua	yatafua	V;FIN;IND;FUT;3;PL;LGSPEC3
fua	kinafua	V;FIN;IND;PRES;3;SG;LGSPEC4
fua	ukafua	V;FIN;IND;LGSPEC10;2;SG
fua	nilifua	V;FIN;IND;PST;1;SG
fua	angalifua	V;FIN;IND;COND;PST;3;SG;LGSPEC1
fua	umefua	V;FIN;IND;PST;PRF;3;SG;LGSPEC2
fua	afue	V;FIN;IND;PST;3;SG;LGSPEC1
fua	akifua	V;FIN;SUBJ;COM;PST;3;SG;LGSPEC1
fua	tunafua	V;FIN;IND;PRES;1;PL
fua	zingefua	V;FIN;IND;COND;PRES;3;PL;LGSPEC6
fua	unafua	V;FIN;IND;PRES;3;SG;LGSPEC6
fua	ukafua	V;FIN;IND;LGSPEC10;3;SG;LGSPEC6
fua	zitafua	V;FIN;IND;FUT;3;PL;LGSPEC6
fua	zikafue	V;FIN;SUBJ;LGSPEC10;3;PL;LGSPEC6
fua	ulifua	V;FIN;IND;PST;2;SG
fua	ufue	V;FIN;IND;PST;3;SG;LGSPEC6
fua	wangefua	V;FIN;IND;COND;PRES;3;PL;LGSPEC1
fua	tulifua	V;FIN;IND;PST;1;PL
fua	wangalifua	V;FIN;IND;COND;PST;3;PL;LGSPEC1
fua	mtafua	V;FIN;IND;FUT;2;PL
fua	mkafue	V;FIN;SUBJ;LGSPEC10;2;PL
fua	wakifua	V;FIN;SUBJ;COM;PST;3;PL;LGSPEC1
fua	ufue	V;FIN;IND;PST;2;SG
fua	ukafue	V;FIN;SUBJ;LGSPEC10;2;SG
fua	vinafua	V;FIN;IND;PRES;3;PL;LGSPEC4
fua	twafua	V;FIN;INDF1;PL
fua	vikafua	V;FIN;IND;LGSPEC10;3;PL;LGSPEC4
fua	hufua	V;FIN;IND;HAB;PL
fua	vingefua	V;FIN;IND;COND;PRES;3;PL;LGSPEC4
fua	imefua	V;FIN;IND;PST;PRF;3;PL;LGSPEC2
fua	ilifua	V;FIN;IND;PST;3;PL;LGSPEC2
fua	wafua	V;FIN;IND;INDF3;SG;LGSPEC6
fua	wafue	V;FIN;SUBJ;PST;3;PL;LGSPEC1
fua	ingalifua	V;FIN;IND;COND;PST;3;PL;LGSPEC2
fua	itafua	V;FIN;IND;FUT;3;SG;LGSPEC5
fua	tutafua	V;FIN;IND;FUT;1;PL
fua	unafua	V;FIN;IND;PRES;2;SG
fua	zikafue	V;FIN;SUBJ;LGSPEC10;3;PL;LGSPEC5
fua	zifue	V;FIN;SUBJ;PST;3;PL;LGSPEC6
fua	kikafua	V;FIN;IND;LGSPEC10;3;SG;LGSPEC4
fua	lilifua	V;FIN;IND;PST;3;SG;LGSPEC3
fua	vikifua	V;FIN;SUBJ;COM;PST;3;PL;LGSPEC4
fua	ingalifua	V;FIN;IND;COND;PST;3;SG;LGSPEC5
fua	ungefua	V;FIN;IND;COND;PRES;3;SG;LGSPEC2
fua	ulifua	V;FIN;IND;PST;3;SG;LGSPEC6
fua	ungalifua	V;FIN;IND;COND;PST;3;SG;LGSPEC6
fua	ikifua	V;FIN;SUBJ;COM;PST;3;SG;LGSPEC5
fua	likafue	V;FIN;SUBJ;LGSPEC10;3;SG;LGSPEC3
fua	yanafua	V;FIN;IND;PRES;3;PL;LGSPEC3
fua	vyafua	V;FIN;INDF3;PL;LGSPEC4
fua	wakafua	V;FIN;IND;LGSPEC10;3;PL;LGSPEC1
fua	tungefua	V;FIN;IND;COND;PRES;1;PL
fua	tumefua	V;FIN;IND;PST;PRF;1;PL
fua	zilifua	V;FIN;IND;PST;3;PL;LGSPEC5
fua	afua	V;FIN;IND;IND;INDF3;SG;LGSPEC1
fua	mfue	V;FIN;SUBJ;PST;2;PL
fua	utafua	V;FIN;IND;FUT;3;SG;LGSPEC2
fua	itafua	V;FIN;IND;FUT;3;PL;LGSPEC2
fua	inafua	V;FIN;IND;PRES;3;SG;LGSPEC5
fua	ikafue	V;FIN;SUBJ;LGSPEC10;3;PL;LGSPEC2
fua	nikafua	V;FIN;IND;LGSPEC10;1;SG
fua	kilifua	V;FIN;IND;PST;3;SG;LGSPEC4
fua	ungalifua	V;FIN;IND;COND;PST;2;SG
fua	lingefua	V;FIN;IND;COND;PRES;3;SG;LGSPEC3
fua	imefua	V;FIN;IND;PST;PRF;3;SG;LGSPEC5
fua	ufue	V;FIN;IND;PST;3;SG;LGSPEC2
fua	ukafue	V;FIN;SUBJ;LGSPEC10;3;SG;LGSPEC6
fua	zafua	V;FIN;INDF3;PL;LGSPEC5
fua	zingefua	V;FIN;IND;COND;PRES;3;PL;LGSPEC5
fua	mmefua	V;FIN;IND;PST;PRF;2;PL
fua	wafua	V;FIN;IND;IND;INDF2;SG
fua	nitafua	V;FIN;IND;FUT;1;SG
fua	unafua	V;FIN;IND;PRES;3;SG;LGSPEC2
fua	alifua	V;FIN;IND;PST;3;SG;LGSPEC1
fua	ningalifua	V;FIN;IND;COND;PST;1;SG
fua	wakafue	V;FIN;SUBJ;LGSPEC10;3;PL;LGSPEC1
fua	mkifua	V;FIN;SUBJ;COM;PST;2;PL
fua	nikafue	V;FIN;SUBJ;LGSPEC10;1;SG
fua	mwafua	V;FIN;INDF2;PL
fua	zikafua	V;FIN;IND;LGSPEC10;3;PL;LGSPEC5
fua	yangefua	V;FIN;IND;COND;PRES;3;PL;LGSPEC3
fua	yamefua	V;FIN;IND;PST;PRF;3;PL;LGSPEC3
fua	walifua	V;FIN;IND;PST;3;PL;LGSPEC1
fua	yafua	V;FIN;IND;INDF3;SG;LGSPEC5
fua	vifue	V;FIN;SUBJ;PST;3;PL;LGSPEC4
fua	yangalifua	V;FIN;IND;COND;PST;3;PL;LGSPEC3
fua	utafua	V;FIN;IND;FUT;3;SG;LGSPEC6
fua	zimefua	V;FIN;IND;PST;PRF;3;PL;LGSPEC6
fua	anafua	V;FIN;IND;PRES;3;SG;LGSPEC1
fua	zifue	V;FIN;SUBJ;PST;3;PL;LGSPEC5
fua	likafua	V;FIN;IND;LGSPEC10;3;SG;LGSPEC3
fua	yakifua	V;FIN;SUBJ;COM;PST;3;PL;LGSPEC3
fua	kingalifua	V;FIN;IND;COND;PST;3;SG;LGSPEC4
fua	ningefua	V;FIN;IND;COND;PRES;1;SG
fupi	wafupi	ADJ;PL;LGSPEC1
fupi	mafupi	ADJ;PL;LGSPEC7
fupi	kufupi	ADJ;PL;LGSPEC6
fupi	pafupi	ADJ;SG;LGSPEC8
fupi	kufupi	ADJ;SG;LGSPEC6
fupi	fupi	ADJ;PL;LGSPEC4
fupi	mfupi	ADJ;SG;LGSPEC5
fupi	fupi	ADJ;SG;LGSPEC7
fupi	mfupi	ADJ;SG;LGSPEC2
fupi	mufupi	ADJ;PL;LGSPEC9
fupi	fupi	ADJ;PL;LGSPEC5
fupi	mifupi	ADJ;PL;LGSPEC2
fupi	fupi	ADJ;SG;LGSPEC4
fupi	vifupi	ADJ;PL;LGSPEC3
fupi	kifupi	ADJ;SG;LGSPEC3
fupi	mfupi	ADJ;SG;LGSPEC1
fupi	pafupi	ADJ;PL;LGSPEC8
fupi	mufupi	ADJ;SG;LGSPEC9
hiyo	hao	ADJ;PL;LGSPEC1
hiyo	hayo	ADJ;PL;LGSPEC7
hiyo	huko	ADJ;PL;LGSPEC6
hiyo	hapo	ADJ;SG;LGSPEC8
hiyo	huko	ADJ;SG;LGSPEC6
hiyo	hizo	ADJ;PL;LGSPEC4
hiyo	huo	ADJ;SG;LGSPEC5
hiyo	hilo	ADJ;SG;LGSPEC7
hiyo	huo	ADJ;SG;LGSPEC2
hiyo	humo	ADJ;PL;LGSPEC9
hiyo	hizo	ADJ;PL;LGSPEC5
hiyo	hiyo	ADJ;PL;LGSPEC2
hiyo	hiyo	ADJ;SG;LGSPEC4
hiyo	hivyo	ADJ;PL;LGSPEC3
hiyo	hicho	ADJ;SG;LGSPEC3
hiyo	huyo	ADJ;SG;LGSPEC1
hiyo	hapo	ADJ;PL;LGSPEC8
hiyo	humo	ADJ;SG;LGSPEC9
jinga	wajinga	ADJ;PL;LGSPEC1
jinga	majinga	ADJ;PL;LGSPEC7
jinga	kujinga	ADJ;PL;LGSPEC6
jinga	pajinga	ADJ;SG;LGSPEC8
jinga	kujinga	ADJ;SG;LGSPEC6
jinga	njinga	ADJ;PL;LGSPEC4
jinga	mjinga	ADJ;SG;LGSPEC5
jinga	jinga	ADJ;SG;LGSPEC7
jinga	mjinga	ADJ;SG;LGSPEC2
jinga	mujinga	ADJ;PL;LGSPEC9
jinga	njinga	ADJ;PL;LGSPEC5
jinga	mijinga	ADJ;PL;LGSPEC2
jinga	njinga	ADJ;SG;LGSPEC4
jinga	vijinga	ADJ;PL;LGSPEC3
jinga	kijinga	ADJ;SG;LGSPEC3
jinga	mjinga	ADJ;SG;LGSPEC1
jinga	pajinga	ADJ;PL;LGSPEC8
jinga	mujinga	ADJ;SG;LGSPEC9
kali	wakali	ADJ;PL;LGSPEC1
kali	makali	ADJ;PL;LGSPEC7
kali	kukali	ADJ;PL;LGSPEC6
kali	pakali	ADJ;SG;LGSPEC8
kali	kukali	ADJ;SG;LGSPEC6
kali	kali	ADJ;PL;LGSPEC4
kali	mkali	ADJ;SG;LGSPEC5
kali	kali	ADJ;SG;LGSPEC7
kali	mkali	ADJ;SG;LGSPEC2
kali	mukali	ADJ;PL;LGSPEC9
kali	kali	ADJ;PL;LGSPEC5
kali	mikali	ADJ;PL;LGSPEC2
kali	kali	ADJ;SG;LGSPEC4
kali	vikali	ADJ;PL;LGSPEC3
kali	kikali	ADJ;SG;LGSPEC3
kali	mkali	ADJ;SG;LGSPEC1
kali	pakali	ADJ;PL;LGSPEC8
kali	mukali	ADJ;SG;LGSPEC9
kuu	wakuu	ADJ;PL;LGSPEC1
kuu	makuu	ADJ;PL;LGSPEC7
kuu	kukuu	ADJ;PL;LGSPEC6
kuu	pakuu	ADJ;SG;LGSPEC8
kuu	kukuu	ADJ;SG;LGSPEC6
kuu	kuu	ADJ;PL;LGSPEC4
kuu	mkuu	ADJ;SG;LGSPEC5
kuu	kuu	ADJ;SG;LGSPEC7
kuu	mkuu	ADJ;SG;LGSPEC2
kuu	mukuu	ADJ;PL;LGSPEC9
kuu	kuu	ADJ;PL;LGSPEC5
kuu	mikuu	ADJ;PL;LGSPEC2
kuu	kuu	ADJ;SG;LGSPEC4
kuu	vikuu	ADJ;PL;LGSPEC3
kuu	kikuu	ADJ;SG;LGSPEC3
kuu	mkuu	ADJ;SG;LGSPEC1
kuu	pakuu	ADJ;PL;LGSPEC8
kuu	mukuu	ADJ;SG;LGSPEC9
lipa	amelipa	V;FIN;IND;PST;PRF;3;SG;LGSPEC1
lipa	ukilipa	V;FIN;SUBJ;COM;PST;3;SG;LGSPEC2
lipa	ukalipe	V;FIN;SUBJ;LGSPEC10;3;SG;LGSPEC2
lipa	inalipa	V;FIN;IND;PRES;3;PL;LGSPEC2
lipa	walipa	V;FIN;INDF3;PL;LGSPEC1
lipa	ikalipa	V;FIN;IND;LGSPEC10;3;PL;LGSPEC2
lipa	vimelipa	V;FIN;IND;PST;PRF;3;PL;LGSPEC4
lipa	vililipa	V;FIN;IND;PST;3;PL;LGSPEC4
lipa	chalipa	V;FIN;IND;INDF3;SG;LGSPEC4
lipa	tulipe	V;FIN;SUBJ;PST;1;PL
lipa	vingalilipa	V;FIN;IND;COND;PST;3;PL;LGSPEC4
lipa	litalipa	V;FIN;IND;FUT;3;SG;LGSPEC3
lipa	zitalipa	V;FIN;IND;FUT;3;PL;LGSPEC5
lipa	yakalipe	V;FIN;SUBJ;LGSPEC10;3;PL;LGSPEC3
lipa	ingelipa	V;FIN;IND;COND;PRES;3;SG;LGSPEC5
lipa	ililipa	V;FIN;IND;PST;3;SG;LGSPEC5
lipa	zikilipa	V;FIN;SUBJ;COM;PST;3;PL;LGSPEC6
lipa	lingalilipa	V;FIN;IND;COND;PST;3;SG;LGSPEC3
lipa	kingelipa	V;FIN;IND;COND;PRES;3;SG;LGSPEC4
lipa	kimelipa	V;FIN;IND;PST;PRF;3;SG;LGSPEC4
lipa	lilipe	V;FIN;IND;PST;3;SG;LGSPEC3
lipa	nikilipa	V;FIN;SUBJ;COM;PST;1;SG
lipa	ikalipe	V;FIN;SUBJ;LGSPEC10;3;SG;LGSPEC5
lipa	wanalipa	V;FIN;IND;PRES;3;PL;LGSPEC1
lipa	zalipa	V;FIN;INDF3;PL;LGSPEC6
lipa	tukalipa	V;FIN;IND;LGSPEC10;1;PL
lipa	wamelipa	V;FIN;IND;PST;PRF;3;PL;LGSPEC1
lipa	nalipa	V;FIN;IND;IND;INDF1;SG
lipa	utalipa	V;FIN;IND;FUT;2;SG
lipa	linalipa	V;FIN;IND;PRES;3;SG;LGSPEC3
lipa	akalipa	V;FIN;IND;LGSPEC10;3;SG;LGSPEC1
lipa	limelipa	V;FIN;IND;PST;PRF;3;SG;LGSPEC3
lipa	ukilipa	V;FIN;SUBJ;COM;PST;2;SG
lipa	kulipa	V;NFIN
lipa	tungalilipa	V;FIN;IND;COND;PST;1;PL
lipa	tukilipa	V;FIN;SUBJ;COM;PST;1;PL
lipa	umelipa	V;FIN;IND;PST;PRF;3;SG;LGSPEC6
lipa	ukilipa	V;FIN;SUBJ;COM;PST;3;SG;LGSPEC6
lipa	ilipe	V;FIN;IND;PST;3;SG;LGSPEC5
lipa	zinalipa	V;FIN;IND;PRES;3;PL;LGSPEC6
lipa	zikalipa	V;FIN;IND;LGSPEC7;3;PL;LGSPEC6
lipa	ingelipa	V;FIN;IND;COND;PRES;3;PL;LGSPEC2
lipa	mlilipa	V;FIN;IND;PST;2;PL
lipa	yalipe	V;FIN;SUBJ;PST;3;PL;LGSPEC3
lipa	mngalilipa	V;FIN;IND;COND;PST;2;PL
lipa	watalipa	V;FIN;IND;FUT;3;PL;LGSPEC1
lipa	tukalipe	V;FIN;SUBJ;LGSPEC10;1;PL
lipa	ukalipa	V;FIN;IND;LGSPEC10;3;SG;LGSPEC2
lipa	hulipa	V;FIN;IND;HAB;SG
lipa	ikilipa	V;FIN;SUBJ;COM;PST;3;PL;LGSPEC2
lipa	ungelipa	V;FIN;IND;COND;PRES;2;SG
lipa	umelipa	V;FIN;IND;PST;PRF;2;SG
lipa	nilipe	V;FIN;IND;PST;1;SG
lipa	likilipa	V;FIN;SUBJ;COM;PST;3;SG;LGSPEC3
lipa	akalipe	V;FIN;SUBJ;LGSPEC10;3;SG;LGSPEC1
lipa	zinalipa	V;FIN;IND;PRES;3;PL;LGSPEC5
lipa	yalipa	V;FIN;INDF3;PL;LGSPEC2
lipa	yakalipa	V;FIN;IND;LGSPEC10;3;PL;LGSPEC3
lipa	zililipa	V;FIN;IND;PST;3;PL;LGSPEC6
lipa	zingalilipa	V;FIN;IND;COND;PST;3;PL;LGSPEC6
lipa	zimelipa	V;FIN;IND;PST;PRF;3;PL;LGSPEC5
lipa	yalilipa	V;FIN;IND;PST;3;PL;LGSPEC3
lipa	lalipa	V;FIN;IND;INDF3;SG;LGSPEC3
lipa	ilipe	V;FIN;SUBJ;PST;3;PL;LGSPEC2
lipa	zingalilipa	V;FIN;IND;COND;PST;3;PL;LGSPEC5
lipa	kitalipa	V;FIN;IND;FUT;3;SG;LGSPEC4
lipa	vitalipa	V;FIN;IND;FUT;3;PL;LGSPEC4
lipa	ninalipa	V;FIN;IND;PRES;1;SG
lipa	vikalipe	V;FIN;SUBJ;LGSPEC10;3;PL;LGSPEC4
lipa	ungelipa	V;FIN;IND;COND;PRES;3;SG;LGSPEC6
lipa	ikalipa	V;FIN;IND;LGSPEC10;3;SG;LGSPEC5
lipa	ulilipa	V;FIN;IND;PST;3;SG;LGSPEC2
lipa	zikilipa	V;FIN;SUBJ;COM;PST;3;PL;LGSPEC5
lipa	ungalilipa	V;FIN;IND;COND;PST;3;SG;LGSPEC2
lipa	angelipa	V;FIN;IND;COND;PRES;3;SG;LGSPEC1
lipa	nimelipa	V;FIN;IND;PST;PRF;1;SG
lipa	kilipe	V;FIN;IND;PST;3;SG;LGSPEC4
lipa	kikilipa	V;FIN;SUBJ;COM;PST;3;SG;LGSPEC4
lipa	kikalipe	V;FIN;SUBJ;LGSPEC10;3;SG;LGSPEC4
lipa	mnalipa	V;FIN;IND;PRES;2;PL
lipa	yalipa	V;FIN;INDF3;PL;LGSPEC3
lipa	mkalipa	V;FIN;IND;LGSPEC10;2;PL
lipa	mngelipa	V;FIN;IND;COND;PRES;2;PL
lipa	walipa	V;FIN;IND;IND;INDF3;SG;LGSPEC2
lipa	atalipa	V;FIN;IND;FUT;3;SG;LGSPEC1
lipa	yatalipa	V;FIN;IND;FUT;3;PL;LGSPEC3
lipa	kinalipa	V;FIN;IND;PRES;3;SG;LGSPEC4
lipa	ukalipa	V;FIN;IND;LGSPEC10;2;SG
lipa	nililipa	V;FIN;IND;PST;1;SG
lipa	angalilipa	V;FIN;IND;COND;PST;3;SG;LGSPEC1
lipa	umelipa	V;FIN;IND;PST;PRF;3;SG;LGSPEC2
lipa	alipe	V;FIN;IND;PST;3;SG;LGSPEC1
lipa	akilipa	V;FIN;SUBJ;COM;PST;3;SG;LGSPEC1
lipa	tunalipa	V;FIN;IND;PRES;1;PL
lipa	zingelipa	V;FIN;IND;COND;PRES;3;PL;LGSPEC6
lipa	unalipa	V;FIN;IND;PRES;3;SG;LGSPEC6
lipa	ukalipa	V;FIN;IND;LGSPEC10;3;SG;LGSPEC6
lipa	zitalipa	V;FIN;IND;FUT;3;PL;LGSPEC6
lipa	zikalipe	V;FIN;SUBJ;LGSPEC10;3;PL;LGSPEC6
lipa	ulilipa	V;FIN;IND;PST;2;SG
lipa	ulipe	V;FIN;IND;PST;3;SG;LGSPEC6
lipa	wangelipa	V;FIN;IND;COND;PRES;3;PL;LGSPEC1
lipa	tulilipa	V;FIN;IND;PST;1;PL
lipa	wangalilipa	V;FIN;IND;COND;PST;3;PL;LGSPEC1
lipa	mtalipa	V;FIN;IND;FUT;2;PL
lipa	mkalipe	V;FIN;SUBJ;LGSPEC10;2;PL
lipa	wakilipa	V;FIN;SUBJ;COM;PST;3;PL;LGSPEC1
lipa	ulipe	V;FIN;IND;PST;2;SG
lipa	ukalipe	V;FIN;SUBJ;LGSPEC10;2;SG
lipa	vinalipa	V;FIN;IND;PRES;3;PL;LGSPEC4
lipa	twalipa	V;FIN;INDF1;PL
lipa	vikalipa	V;FIN;IND;LGSPEC10;3;PL;LGSPEC4
lipa	hulipa	V;FIN;IND;HAB;PL
lipa	vingelipa	V;FIN;IND;COND;PRES;3;PL;LGSPEC4
lipa	imelipa	V;FIN;IND;PST;PRF;3;PL;LGSPEC2
lipa	ililipa	V;FIN;IND;PST;3;PL;LGSPEC2
lipa	walipa	V;FIN;IND;INDF3;SG;LGSPEC6
lipa	walipe	V;FIN;SUBJ;PST;3;PL;LGSPEC1
lipa	ingalilipa	V;FIN;IND;COND;PST;3;PL;LGSPEC2
lipa	italipa	V;FIN;IND;FUT;3;SG;LGSPEC5
lipa	tutalipa	V;FIN;IND;FUT;1;PL
lipa	unalipa	V;FIN;IND;PRES;2;SG
lipa	zikalipe	V;FIN;SUBJ;LGSPEC10;3;PL;LGSPEC5
lipa	zilipe	V;FIN;SUBJ;PST;3;PL;LGSPEC6
lipa	kikalipa	V;FIN;IND;LGSPEC10;3;SG;LGSPEC4
lipa	lililipa	V;FIN;IND;PST;3;SG;LGSPEC3
lipa	vikilipa	V;FIN;SUBJ;COM;PST;3;PL;LGSPEC4
lipa	ingalilipa	V;FIN;IND;COND;PST;3;SG;LGSPEC5
lipa	ungelipa	V;FIN;IND;COND;PRES;3;SG;LGSPEC2
lipa	ulilipa	V;FIN;IND;PST;3;SG;LGSPEC6
lipa	ungalilipa	V;FIN;IND;COND;PST;3;SG;LGSPEC6
lipa	ikilipa	V;FIN;SUBJ;COM;PST;3;SG;LGSPEC5
lipa	likalipe	V;FIN;SUBJ;LGSPEC10;3;SG;LGSPEC3
lipa	yanalipa	V;FIN;IND;PRES;3;PL;LGSPEC3
lipa	vyalipa	V;FIN;INDF3;PL;LGSPEC4
lipa	wakalipa	V;FIN;IND;LGSPEC10;3;PL;LGSPEC1
lipa	tungelipa	V;FIN;IND;COND;PRES;1;PL
lipa	tumelipa	V;FIN;IND;PST;PRF;1;PL
lipa	zililipa	V;FIN;IND;PST;3;PL;LGSPEC5
lipa	alipa	V;FIN;IND;IND;INDF3;SG;LGSPEC1
lipa	mlipe	V;FIN;SUBJ;PST;2;PL
lipa	utalipa	V;FIN;IND;FUT;3;SG;LGSPEC2
lipa	italipa	V;FIN;IND;FUT;3;PL;LGSPEC2
lipa	inalipa	V;FIN;IND;PRES;3;SG;LGSPEC5
lipa	ikalipe	V;FIN;SUBJ;LGSPEC10;3;PL;LGSPEC2
lipa	nikalipa	V;FIN;IND;LGSPEC10;1;SG
lipa	kililipa	V;FIN;IND;PST;3;SG;LGSPEC4
lipa	ungalilipa	V;FIN;IND;COND;PST;2;SG
lipa	lingelipa	V;FIN;IND;COND;PRES;3;SG;LGSPEC3
lipa	imelipa	V;FIN;IND;PST;PRF;3;SG;LGSPEC5
lipa	ulipe	V;FIN;IND;PST;3;SG;LGSPEC2
lipa	ukalipe	V;FIN;SUBJ;LGSPEC10;3;SG;LGSPEC6
lipa	zalipa	V;FIN;INDF3;PL;LGSPEC5
lipa	zingelipa	V;FIN;IND;COND;PRES;3;PL;LGSPEC5
lipa	mmelipa	V;FIN;IND;PST;PRF;2;PL
lipa	walipa	V;FIN;IND;IND;INDF2;SG
lipa	nitalipa	V;FIN;IND;FUT;1;SG
lipa	unalipa	V;FIN;IND;PRES;3;SG;LGSPEC2
lipa	alilipa	V;FIN;IND;PST;3;SG;LGSPEC1
lipa	ningalilipa	V;FIN;IND;COND;PST;1;SG
lipa	wakalipe	V;FIN;SUBJ;LGSPEC10;3;PL;LGSPEC1
lipa	mkilipa	V;FIN;SUBJ;COM;PST;2;PL
lipa	nikalipe	V;FIN;SUBJ;LGSPEC10;1;SG
lipa	mwalipa	V;FIN;INDF2;PL
lipa	zikalipa	V;FIN;IND;LGSPEC10;3;PL;LGSPEC5
lipa	yangelipa	V;FIN;IND;COND;PRES;3;PL;LGSPEC3
lipa	yamelipa	V;FIN;IND;PST;PRF;3;PL;LGSPEC3
lipa	walilipa	V;FIN;IND;PST;3;PL;LGSPEC1
lipa	yalipa	V;FIN;IND;INDF3;SG;LGSPEC5
lipa	vilipe	V;FIN;SUBJ;PST;3;PL;LGSPEC4
lipa	yangalilipa	V;FIN;IND;COND;PST;3;PL;LGSPEC3
lipa	utalipa	V;FIN;IND;FUT;3;SG;LGSPEC6
lipa	zimelipa	V;FIN;IND;PST;PRF;3;PL;LGSPEC6
lipa	analipa	V;FIN;IND;PRES;3;SG;LGSPEC1
lipa	zilipe	V;FIN;SUBJ;PST;3;PL;LGSPEC5
lipa	likalipa	V;FIN;IND;LGSPEC10;3;SG;LGSPEC3
lipa	yakilipa	V;FIN;SUBJ;COM;PST;3;PL;LGSPEC3
lipa	kingalilipa	V;FIN;IND;COND;PST;3;SG;LGSPEC4
lipa	ningelipa	V;FIN;IND;COND;PRES;1;SG
ngapi	mungapi	ADJ;PL;LGSPEC9
ngapi	pangapi	ADJ;PL;LGSPEC8
ngapi	kungapi	ADJ;PL;LGSPEC6
ngapi	ngapi	ADJ;PL;LGSPEC5
ngapi	mangapi	ADJ;PL;LGSPEC7
ngapi	mingapi	ADJ;PL;LGSPEC2
ngapi	ngapi	ADJ;PL;LGSPEC4
ngapi	vingapi	ADJ;PL;LGSPEC3
ngapi	wangapi	ADJ;PL;LGSPEC1
ote	wote	ADJ;PL;LGSPEC1
ote	yote	ADJ;PL;LGSPEC7
ote	kwote	ADJ;PL;LGSPEC6
ote	pote	ADJ;SG;LGSPEC8
ote	kwote	ADJ;SG;LGSPEC6
ote	zote	ADJ;PL;LGSPEC4
ote	wote	ADJ;SG;LGSPEC5
ote	lote	ADJ;SG;LGSPEC7
ote	wote	ADJ;SG;LGSPEC2
ote	mwote	ADJ;PL;LGSPEC9
ote	zote	ADJ;PL;LGSPEC5
ote	yote	ADJ;PL;LGSPEC2
ote	yote	ADJ;SG;LGSPEC4
ote	vyote	ADJ;PL;LGSPEC3
ote	chote	ADJ;SG;LGSPEC3
ote	wote	ADJ;SG;LGSPEC1
ote	pote	ADJ;PL;LGSPEC8
ote	mwote	ADJ;SG;LGSPEC9
pa	amekupa	V;FIN;IND;PST;PRF;3;SG;LGSPEC1
pa	ukipa	V;FIN;SUBJ;COM;PST;3;SG;LGSPEC2
pa	ukape	V;FIN;SUBJ;LGSPEC10;3;SG;LGSPEC2
pa	inapa	V;FIN;IND;PRES;3;PL;LGSPEC2
pa	wapa	V;FIN;INDF3;PL;LGSPEC1
pa	ikapa	V;FIN;IND;LGSPEC10;3;PL;LGSPEC2
pa	vimekupa	V;FIN;IND;PST;PRF;3;PL;LGSPEC4
pa	vilikupa	V;FIN;IND;PST;3;PL;LGSPEC4
pa	chapa	V;FIN;IND;INDF3;SG;LGSPEC4
pa	tupe	V;FIN;SUBJ;PST;1;PL
pa	vingalikupa	V;FIN;IND;COND;PST;3;PL;LGSPEC4
pa	litakupa	V;FIN;IND;FUT;3;SG;LGSPEC3
pa	zitakupa	V;FIN;IND;FUT;3;PL;LGSPEC5
pa	yakape	V;FIN;SUBJ;LGSPEC10;3;PL;LGSPEC3
pa	ingekupa	V;FIN;IND;COND;PRES;3;SG;LGSPEC5
pa	ilikupa	V;FIN;IND;PST;3;SG;LGSPEC5
pa	zikipa	V;FIN;SUBJ;COM;PST;3;PL;LGSPEC6
pa	lingalikupa	V;FIN;IND;COND;PST;3;SG;LGSPEC3
pa	kingekupa	V;FIN;IND;COND;PRES;3;SG;LGSPEC4
pa	kimekupa	V;FIN;IND;PST;PRF;3;SG;LGSPEC4
pa	lipe	V;FIN;IND;PST;3;SG;LGSPEC3
pa	nikipa	V;FIN;SUBJ;COM;PST;1;SG
pa	ikape	V;FIN;SUBJ;LGSPEC10;3;SG;LGSPEC5
pa	wanapa	V;FIN;IND;PRES;3;PL;LGSPEC1
pa	zapa	V;FIN;INDF3;PL;LGSPEC6
pa	tukapa	V;FIN;IND;LGSPEC10;1;PL
pa	wamekupa	V;FIN;IND;PST;PRF;3;PL;LGSPEC1
pa	napa	V;FIN;IND;IND;INDF1;SG
pa	utakupa	V;FIN;IND;FUT;2;SG
pa	linakupa	V;FIN;IND;PRES;3;SG;LGSPEC3
pa	akapa	V;FIN;IND;LGSPEC10;3;SG;LGSPEC1
pa	limekupa	V;FIN;IND;PST;PRF;3;SG;LGSPEC3
pa	ukipa	V;FIN;SUBJ;COM;PST;2;SG
pa	kupa	V;NFIN
pa	tungalikupa	V;FIN;IND;COND;PST;1;PL
pa	tukipa	V;FIN;SUBJ;COM;PST;1;PL
pa	umekupa	V;FIN;IND;PST;PRF;3;SG;LGSPEC6
pa	ukipa	V;FIN;SUBJ;COM;PST;3;SG;LGSPEC6
pa	ipe	V;FIN;IND;PST;3;SG;LGSPEC5
pa	zinapa	V;FIN;IND;PRES;3;PL;LGSPEC6
pa	zikapa	V;FIN;IND;LGSPEC7;3;PL;LGSPEC6
pa	ingekupa	V;FIN;IND;COND;PRES;3;PL;LGSPEC2
pa	mlikupa	V;FIN;IND;PST;2;PL
pa	yape	V;FIN;SUBJ;PST;3;PL;LGSPEC3
pa	mngalikupa	V;FIN;IND;COND;PST;2;PL
pa	watakupa	V;FIN;IND;FUT;3;PL;LGSPEC1
pa	tukape	V;FIN;SUBJ;LGSPEC10;1;PL
pa	ukapa	V;FIN;IND;LGSPEC10;3;SG;LGSPEC2
pa	hupa	V;FIN;IND;HAB;SG
pa	ikipa	V;FIN;SUBJ;COM;PST;3;PL;LGSPEC2
pa	ungekupa	V;FIN;IND;COND;PRES;2;SG
pa	umekupa	V;FIN;IND;PST;PRF;2;SG
pa	nipe	V;FIN;IND;PST;1;SG
pa	likipa	V;FIN;SUBJ;COM;PST;3;SG;LGSPEC3
pa	akape	V;FIN;SUBJ;LGSPEC10;3;SG;LGSPEC1
pa	zinapa	V;FIN;IND;PRES;3;PL;LGSPEC5
pa	yapa	V;FIN;INDF3;PL;LGSPEC2
pa	yakapa	V;FIN;IND;LGSPEC10;3;PL;LGSPEC3
pa	zilikupa	V;FIN;IND;PST;3;PL;LGSPEC6
pa	zingalikupa	V;FIN;IND;COND;PST;3;PL;LGSPEC6
pa	zimekupa	V;FIN;IND;PST;PRF;3;PL;LGSPEC5
pa	yalikupa	V;FIN;IND;PST;3;PL;LGSPEC3
pa	lapa	V;FIN;IND;INDF3;SG;LGSPEC3
pa	ipe	V;FIN;SUBJ;PST;3;PL;LGSPEC2
pa	zingalikupa	V;FIN;IND;COND;PST;3;PL;LGSPEC5
pa	kitakupa	V;FIN;IND;FUT;3;SG;LGSPEC4
pa	vitakupa	V;FIN;IND;FUT;3;PL;LGSPEC4
pa	ninakupa	V;FIN;IND;PRES;1;SG
pa	vikape	V;FIN;SUBJ;LGSPEC10;3;PL;LGSPEC4
pa	ungekupa	V;FIN;IND;COND;PRES;3;SG;LGSPEC6
pa	ikapa	V;FIN;IND;LGSPEC10;3;SG;LGSPEC5
pa	ulikupa	V;FIN;IND;PST;3;SG;LGSPEC2
pa	zikipa	V;FIN;SUBJ;COM;PST;3;PL;LGSPEC5
pa	ungalikupa	V;FIN;IND;COND;PST;3;SG;LGSPEC2
pa	angekupa	V;FIN;IND;COND;PRES;3;SG;LGSPEC1
pa	nimekupa	V;FIN;IND;PST;PRF;1;SG
pa	kipe	V;FIN;IND;PST;3;SG;LGSPEC4
pa	kikipa	V;FIN;SUBJ;COM;PST;3;SG;LGSPEC4
pa	kikape	V;FIN;SUBJ;LGSPEC10;3;SG;LGSPEC4
pa	mnapa	V;FIN;IND;PRES;2;PL
pa	yapa	V;FIN;INDF3;PL;LGSPEC3
pa	mkapa	V;FIN;IND;LGSPEC10;2;PL
pa	mngekupa	V;FIN;IND;COND;PRES;2;PL
pa	wapa	V;FIN;IND;IND;INDF3;SG;LGSPEC2
pa	atakupa	V;FIN;IND;FUT;3;SG;LGSPEC1
pa	yatakupa	V;FIN;IND;FUT;3;PL;LGSPEC3
pa	kinakupa	V;FIN;IND;PRES;3;SG;LGSPEC4
pa	ukapa	V;FIN;IND;LGSPEC10;2;SG
pa	nilikupa	V;FIN;IND;PST;1;SG
pa	angalikupa	V;FIN;IND;COND;PST;3;SG;LGSPEC1
pa	umekupa	V;FIN;IND;PST;PRF;3;SG;LGSPEC2
pa	ape	V;FIN;IND;PST;3;SG;LGSPEC1
pa	akipa	V;FIN;SUBJ;COM;PST;3;SG;LGSPEC1
pa	tunapa	V;FIN;IND;PRES;1;PL
pa	zingekupa	V;FIN;IND;COND;PRES;3;PL;LGSPEC6
pa	unakupa	V;FIN;IND;PRES;3;SG;LGSPEC6
pa	ukapa	V;FIN;IND;LGSPEC10;3;SG;LGSPEC6
pa	zitakupa	V;FIN;IND;FUT;3;PL;LGSPEC6
pa	zikape	V;FIN;SUBJ;LGSPEC10;3;PL;LGSPEC6
pa	ulikupa	V;FIN;IND;PST;2;SG
pa	upe	V;FIN;IND;PST;3;SG;LGSPEC6
pa	wangekupa	V;FIN;IND;COND;PRES;3;PL;LGSPEC1
pa	tulikupa	V;FIN;IND;PST;1;PL
pa	wangalikupa	V;FIN;IND;COND;PST;3;PL;LGSPEC1
pa	mtakupa	V;FIN;IND;FUT;2;PL
pa	mkape	V;FIN;SUBJ;LGSPEC10;2;PL
pa	wakipa	V;FIN;SUBJ;COM;PST;3;PL;LGSPEC1
pa	upe	V;FIN;IND;PST;2;SG
pa	ukape	V;FIN;SUBJ;LGSPEC10;2;SG
pa	vinapa	V;FIN;IND;PRES;3;PL;LGSPEC4
pa	twapa	V;FIN;INDF1;PL
pa	vikapa	V;FIN;IND;LGSPEC10;3;PL;LGSPEC4
pa	hupa	V;FIN;IND;HAB;PL
pa	vingekupa	V;FIN;IND;COND;PRES;3;PL;LGSPEC4
pa	imekupa	V;FIN;IND;PST;PRF;3;PL;LGSPEC2
pa	ilikupa	V;FIN;IND;PST;3;PL;LGSPEC2
pa	wapa	V;FIN;IND;INDF3;SG;LGSPEC6
pa	wape	V;FIN;SUBJ;PST;3;PL;LGSPEC1
pa	ingalikupa	V;FIN;IND;COND;PST;3;PL;LGSPEC2
pa	itakupa	V;FIN;IND;FUT;3;SG;LGSPEC5
pa	tutakupa	V;FIN;IND;FUT;1;PL
pa	unakupa	V;FIN;IND;PRES;2;SG
pa	zikape	V;FIN;SUBJ;LGSPEC10;3;PL;LGSPEC5
pa	zipe	V;FIN;SUBJ;PST;3;PL;LGSPEC6
pa	kikapa	V;FIN;IND;LGSPEC10;3;SG;LGSPEC4
pa	lilikupa	V;FIN;IND;PST;3;SG;LGSPEC3
pa	vikipa	V;FIN;SUBJ;COM;PST;3;PL;LGSPEC4
pa	ingalikupa	V;FIN;IND;COND;PST;3;SG;LGSPEC5
pa	ungekupa	V;FIN;IND;COND;PRES;3;SG;LGSPEC2
pa	ulikupa	V;FIN;IND;PST;3;SG;LGSPEC6
pa	ungalikupa	V;FIN;IND;COND;PST;3;SG;LGSPEC6
pa	ikipa	V;FIN;SUBJ;COM;PST;3;SG;LGSPEC5
pa	likape	V;FIN;SUBJ;LGSPEC10;3;SG;LGSPEC3
pa	yanapa	V;FIN;IND;PRES;3;PL;LGSPEC3
pa	vyapa	V;FIN;INDF3;PL;LGSPEC4
pa	wakapa	V;FIN;IND;LGSPEC10;3;PL;LGSPEC1
pa	tungekupa	V;FIN;IND;COND;PRES;1;PL
pa	tumekupa	V;FIN;IND;PST;PRF;1;PL
pa	zilikupa	V;FIN;IND;PST;3;PL;LGSPEC5
pa	apa	V;FIN;IND;IND;INDF3;SG;LGSPEC1
pa	mpe	V;FIN;SUBJ;PST;2;PL
pa	utakupa	V;FIN;IND;FUT;3;SG;LGSPEC2
pa	itakupa	V;FIN;IND;FUT;3;PL;LGSPEC2
pa	inakupa	V;FIN;IND;PRES;3;SG;LGSPEC5
pa	ikape	V;FIN;SUBJ;LGSPEC10;3;PL;LGSPEC2
pa	nikapa	V;FIN;IND;LGSPEC10;1;SG
pa	kilikupa	V;FIN;IND;PST;3;SG;LGSPEC4
pa	ungalikupa	V;FIN;IND;COND;PST;2;SG
pa	lingekupa	V;FIN;IND;COND;PRES;3;SG;LGSPEC3
pa	imekupa	V;FIN;IND;PST;PRF;3;SG;LGSPEC5
pa	upe	V;FIN;IND;PST;3;SG;LGSPEC2
pa	ukape	V;FIN;SUBJ;LGSPEC10;3;SG;LGSPEC6
pa	zapa	V;FIN;INDF3;PL;LGSPEC5
pa	zingekupa	V;FIN;IND;COND;PRES;3;PL;LGSPEC5
pa	mmekupa	V;FIN;IND;PST;PRF;2;PL
pa	wapa	V;FIN;IND;IND;INDF2;SG
pa	nitakupa	V;FIN;IND;FUT;1;SG
pa	unakupa	V;FIN;IND;PRES;3;SG;LGSPEC2
pa	alikupa	V;FIN;IND;PST;3;SG;LGSPEC1
pa	ningalikupa	V;FIN;IND;COND;PST;1;SG
pa	wakape	V;FIN;SUBJ;LGSPEC10;3;PL;LGSPEC1
pa	mkipa	V;FIN;SUBJ;COM;PST;2;PL
pa	nikape	V;FIN;SUBJ;LGSPEC10;1;SG
pa	mwapa	V;FIN;INDF2;PL
pa	zikapa	V;FIN;IND;LGSPEC10;3;PL;LGSPEC5
pa	yangekupa	V;FIN;IND;COND;PRES;3;PL;LGSPEC3
pa	yamekupa	V;FIN;IND;PST;PRF;3;PL;LGSPEC3
pa	walikupa	V;FIN;IND;PST;3;PL;LGSPEC1
pa	yapa	V;FIN;IND;INDF3;SG;LGSPEC5
pa	vipe	V;FIN;SUBJ;PST;3;PL;LGSPEC4
pa	yangalikupa	V;FIN;IND;COND;PST;3;PL;LGSPEC3
pa	utakupa	V;FIN;IND;FUT;3;SG;LGSPEC6
pa	zimekupa	V;FIN;IND;PST;PRF;3;PL;LGSPEC6
pa	anakupa	V;FIN;IND;PRES;3;SG;LGSPEC1
pa	zipe	V;FIN;SUBJ;PST;3;PL;LGSPEC5
pa	likapa	V;FIN;IND;LGSPEC10;3;SG;LGSPEC3
pa	yakipa	V;FIN;SUBJ;COM;PST;3;PL;LGSPEC3
pa	kingalikupa	V;FIN;IND;COND;PST;3;SG;LGSPEC4
pa	ningekupa	V;FIN;IND;COND;PRES;1;SG
andikisha	ameandikisha	V;FIN;IND;PST;PRF;3;SG;LGSPEC1
andikisha	ukiandikisha	V;FIN;SUBJ;COM;PST;3;SG;LGSPEC2
andikisha	ukaandikishe	V;FIN;SUBJ;LGSPEC10;3;SG;LGSPEC2
andikisha	inaandikisha	V;FIN;IND;PRES;3;PL;LGSPEC2
andikisha	waandikisha	V;FIN;INDF3;PL;LGSPEC1
andikisha	ikaandikisha	V;FIN;IND;LGSPEC10;3;PL;LGSPEC2
andikisha	vimeandikisha	V;FIN;IND;PST;PRF;3;PL;LGSPEC4
andikisha	viliandikisha	V;FIN;IND;PST;3;PL;LGSPEC4
andikisha	chaandikisha	V;FIN;IND;INDF3;SG;LGSPEC4
andikisha	tuandikishe	V;FIN;SUBJ;PST;1;PL
andikisha	vingaliandikisha	V;FIN;IND;COND;PST;3;PL;LGSPEC4
andikisha	litaandikisha	V;FIN;IND;FUT;3;SG;LGSPEC3
andikisha	zitaandikisha	V;FIN;IND;FUT;3;PL;LGSPEC5
andikisha	yakaandikishe	V;FIN;SUBJ;LGSPEC10;3;PL;LGSPEC3
andikisha	ingeandikisha	V;FIN;IND;COND;PRES;3;SG;LGSPEC5
andikisha	iliandikisha	V;FIN;IND;PST;3;SG;LGSPEC5
andikisha	zikiandikisha	V;FIN;SUBJ;COM;PST;3;PL;LGSPEC6
andikisha	lingaliandikisha	V;FIN;IND;COND;PST;3;SG;LGSPEC3
andikisha	kingeandikisha	V;FIN;IND;COND;PRES;3;SG;LGSPEC4
andikisha	kimeandikisha	V;FIN;IND;PST;PRF;3;SG;LGSPEC4
andikisha	liandikishe	V;FIN;IND;PST;3;SG;LGSPEC3
andikisha	nikiandikisha	V;FIN;SUBJ;COM;PST;1;SG
andikisha	ikaandikishe	V;FIN;SUBJ;LGSPEC10;3;SG;LGSPEC5
andikisha	wanaandikisha	V;FIN;IND;PRES;3;PL;LGSPEC1
andikisha	zaandikisha	V;FIN;INDF3;PL;LGSPEC6
andikisha	tukaandikisha	V;FIN;IND;LGSPEC10;1;PL
andikisha	wameandikisha	V;FIN;IND;PST;PRF;3;PL;LGSPEC1
andikisha	naandikisha	V;FIN;IND;IND;INDF1;SG
andikisha	utaandikisha	V;FIN;IND;FUT;2;SG
andikisha	linaandikisha	V;FIN;IND;PRES;3;SG;LGSPEC3
andikisha	akaandikisha	V;FIN;IND;LGSPEC10;3;SG;LGSPEC1
andikisha	limeandikisha	V;FIN;IND;PST;PRF;3;SG;LGSPEC3
andikisha	ukiandikisha	V;FIN;SUBJ;COM;PST;2;SG
andikisha	kuandikisha	V;NFIN
andikisha	tungaliandikisha	V;FIN;IND;COND;PST;1;PL
andikisha	tukiandikisha	V;FIN;SUBJ;COM;PST;1;PL
andikisha	umeandikisha	V;FIN;IND;PST;PRF;3;SG;LGSPEC6
andikisha	ukiandikisha	V;FIN;SUBJ;COM;PST;3;SG;LGSPEC6
andikisha	iandikishe	V;FIN;IND;PST;3;SG;LGSPEC5
andikisha	zinaandikisha	V;FIN;IND;PRES;3;PL;LGSPEC6
andikisha	zikaandikisha	V;FIN;IND;LGSPEC7;3;PL;LGSPEC6
andikisha	ingeandikisha	V;FIN;IND;COND;PRES;3;PL;LGSPEC2
andikisha	mliandikisha	V;FIN;IND;PST;2;PL
andikisha	yaandikishe	V;FIN;SUBJ;PST;3;PL;LGSPEC3
andikisha	mngaliandikisha	V;FIN;IND;COND;PST;2;PL
andikisha	wataandikisha	V;FIN;IND;FUT;3;PL;LGSPEC1
andikisha	tukaandikishe	V;FIN;SUBJ;LGSPEC10;1;PL
andikisha	ukaandikisha	V;FIN;IND;LGSPEC10;3;SG;LGSPEC2
andikisha	huandikisha	V;FIN;IND;HAB;SG
andikisha	ikiandikisha	V;FIN;SUBJ;COM;PST;3;PL;LGSPEC2
andikisha	ungeandikisha	V;FIN;IND;COND;PRES;2;SG
andikisha	umeandikisha	V;FIN;IND;PST;PRF;2;SG
andikisha	niandikishe	V;FIN;IND;PST;1;SG
andikisha	likiandikisha	V;FIN;SUBJ;COM;PST;3;SG;LGSPEC3
andikisha	akaandikishe	V;FIN;SUBJ;LGSPEC10;3;SG;LGSPEC1
andikisha	zinaandikisha	V;FIN;IND;PRES;3;PL;LGSPEC5
andikisha	yaandikisha	V;FIN;INDF3;PL;LGSPEC2
andikisha	yakaandikisha	V;FIN;IND;LGSPEC10;3;PL;LGSPEC3
andikisha	ziliandikisha	V;FIN;IND;PST;3;PL;LGSPEC6
andikisha	zingaliandikisha	V;FIN;IND;COND;PST;3;PL;LGSPEC6
andikisha	zimeandikisha	V;FIN;IND;PST;PRF;3;PL;LGSPEC5
andikisha	yaliandikisha	V;FIN;IND;PST;3;PL;LGSPEC3
andikisha	laandikisha	V;FIN;IND;INDF3;SG;LGSPEC3
andikisha	iandikishe	V;FIN;SUBJ;PST;3;PL;LGSPEC2
andikisha	zingaliandikisha	V;FIN;IND;COND;PST;3;PL;LGSPEC5
andikisha	kitaandikisha	V;FIN;IND;FUT;3;SG;LGSPEC4
andikisha	vitaandikisha	V;FIN;IND;FUT;3;PL;LGSPEC4
andikisha	ninaandikisha	V;FIN;IND;PRES;1;SG
andikisha	vikaandikishe	V;FIN;SUBJ;LGSPEC10;3;PL;LGSPEC4
andikisha	ungeandikisha	V;FIN;IND;COND;PRES;3;SG;LGSPEC6
andikisha	ikaandikisha	V;FIN;IND;LGSPEC10;3;SG;LGSPEC5
andikisha	uliandikisha	V;FIN;IND;PST;3;SG;LGSPEC2
andikisha	zikiandikisha	V;FIN;SUBJ;COM;PST;3;PL;LGSPEC5
andikisha	ungaliandikisha	V;FIN;IND;COND;PST;3;SG;LGSPEC2
andikisha	angeandikisha	V;FIN;IND;COND;PRES;3;SG;LGSPEC1
andikisha	nimeandikisha	V;FIN;IND;PST;PRF;1;SG
andikisha	kiandikishe	V;FIN;IND;PST;3;SG;LGSPEC4
andikisha	kikiandikisha	V;FIN;SUBJ;COM;PST;3;SG;LGSPEC4
andikisha	kikaandikishe	V;FIN;SUBJ;LGSPEC10;3;SG;LGSPEC4
andikisha	mnaandikisha	V;FIN;IND;PRES;2;PL
andikisha	yaandikisha	V;FIN;INDF3;PL;LGSPEC3
andikisha	mkaandikisha	V;FIN;IND;LGSPEC10;2;PL
andikisha	mngeandikisha	V;FIN;IND;COND;PRES;2;PL
andikisha	waandikisha	V;FIN;IND;IND;INDF3;SG;LGSPEC2
andikisha	ataandikisha	V;FIN;IND;FUT;3;SG;LGSPEC1
andikisha	yataandikisha	V;FIN;IND;FUT;3;PL;LGSPEC3
andikisha	kinaandikisha	V;FIN;IND;PRES;3;SG;LGSPEC4
andikisha	ukaandikisha	V;FIN;IND;LGSPEC10;2;SG
andikisha	niliandikisha	V;FIN;IND;PST;1;SG
andikisha	angaliandikisha	V;FIN;IND;COND;PST;3;SG;LGSPEC1
andikisha	umeandikisha	V;FIN;IND;PST;PRF;3;SG;LGSPEC2
andikisha	aandikishe	V;FIN;IND;PST;3;SG;LGSPEC1
andikisha	akiandikisha	V;FIN;SUBJ;COM;PST;3;SG;LGSPEC1
andikisha	tunaandikisha	V;FIN;IND;PRES;1;PL
andikisha	zingeandikisha	V;FIN;IND;COND;PRES;3;PL;LGSPEC6
andikisha	unaandikisha	V;FIN;IND;PRES;3;SG;LGSPEC6
andikisha	ukaandikisha	V;FIN;IND;LGSPEC10;3;SG;LGSPEC6
andikisha	zitaandikisha	V;FIN;IND;FUT;3;PL;LGSPEC6
andikisha	zikaandikishe	V;FIN;SUBJ;LGSPEC10;3;PL;LGSPEC6
andikisha	uliandikisha	V;FIN;IND;PST;2;SG
andikisha	uandikishe	V;FIN;IND;PST;3;SG;LGSPEC6
andikisha	wangeandikisha	V;FIN;IND;COND;PRES;3;PL;LGSPEC1
andikisha	tuliandikisha	V;FIN;IND;PST;1;PL
andikisha	wangaliandikisha	V;FIN;IND;COND;PST;3;PL;LGSPEC1
andikisha	mtaandikisha	V;FIN;IND;FUT;2;PL
andikisha	mkaandikishe	V;FIN;SUBJ;LGSPEC10;2;PL
andikisha	wakiandikisha	V;FIN;SUBJ;COM;PST;3;PL;LGSPEC1
andikisha	uandikishe	V;FIN;IND;PST;2;SG
andikisha	ukaandikishe	V;FIN;SUBJ;LGSPEC10;2;SG
andikisha	vinaandikisha	V;FIN;IND;PRES;3;PL;LGSPEC4
andikisha	twaandikisha	V;FIN;INDF1;PL
andikisha	vikaandikisha	V;FIN;IND;LGSPEC10;3;PL;LGSPEC4
andikisha	huandikisha	V;FIN;IND;HAB;PL
andikisha	vingeandikisha	V;FIN;IND;COND;PRES;3;PL;LGSPEC4
andikisha	imeandikisha	V;FIN;IND;PST;PRF;3;PL;LGSPEC2
andikisha	iliandikisha	V;FIN;IND;PST;3;PL;LGSPEC2
andikisha	waandikisha	V;FIN;IND;INDF3;SG;LGSPEC6
andikisha	waandikishe	V;FIN;SUBJ;PST;3;PL;LGSPEC1
andikisha	ingaliandikisha	V;FIN;IND;COND;PST;3;PL;LGSPEC2
andikisha	itaandikisha	V;FIN;IND;FUT;3;SG;LGSPEC5
andikisha	tutaandikisha	V;FIN;IND;FUT;1;PL
andikisha	unaandikisha	V;FIN;IND;PRES;2;SG
andikisha	zikaandikishe	V;FIN;SUBJ;LGSPEC10;3;PL;LGSPEC5
andikisha	ziandikishe	V;FIN;SUBJ;PST;3;PL;LGSPEC6
andikisha	kikaandikisha	V;FIN;IND;LGSPEC10;3;SG;LGSPEC4
andikisha	liliandikisha	V;FIN;IND;PST;3;SG;LGSPEC3
andikisha	vikiandikisha	V;FIN;SUBJ;COM;PST;3;PL;LGSPEC4
andikisha	ingaliandikisha	V;FIN;IND;COND;PST;3;SG;LGSPEC5
andikisha	ungeandikisha	V;FIN;IND;COND;PRES;3;SG;LGSPEC2
andikisha	uliandikisha	V;FIN;IND;PST;3;SG;LGSPEC6
andikisha	ungaliandikisha	V;FIN;IND;COND;PST;3;SG;LGSPEC6
andikisha	ikiandikisha	V;FIN;SUBJ;COM;PST;3;SG;LGSPEC5
andikisha	likaandikishe	V;FIN;SUBJ;LGSPEC10;3;SG;LGSPEC3
andikisha	yanaandikisha	V;FIN;IND;PRES;3;PL;LGSPEC3
andikisha	vyaandikisha	V;FIN;INDF3;PL;LGSPEC4
andikisha	wakaandikisha	V;FIN;IND;LGSPEC10;3;PL;LGSPEC1
andikisha	tungeandikisha	V;FIN;IND;COND;PRES;1;PL
andikisha	tumeandikisha	V;FIN;IND;PST;PRF;1;PL
andikisha	ziliandikisha	V;FIN;IND;PST;3;PL;LGSPEC5
andikisha	aandikisha	V;FIN;IND;IND;INDF3;SG;LGSPEC1
andikisha	mandikishe	V;FIN;SUBJ;PST;2;PL
andikisha	utaandikisha	V;FIN;IND;FUT;3;SG;LGSPEC2
andikisha	itaandikisha	V;FIN;IND;FUT;3;PL;LGSPEC2
andikisha	inaandikisha	V;FIN;IND;PRES;3;SG;LGSPEC5
andikisha	ikaandikishe	V;FIN;SUBJ;LGSPEC10;3;PL;LGSPEC2
andikisha	nikaandikisha	V;FIN;IND;LGSPEC10;1;SG
andikisha	kiliandikisha	V;FIN;IND;PST;3;SG;LGSPEC4
andikisha	ungaliandikisha	V;FIN;IND;COND;PST;2;SG
andikisha	lingeandikisha	V;FIN;IND;COND;PRES;3;SG;LGSPEC3
andikisha	imeandikisha	V;FIN;IND;PST;PRF;3;SG;LGSPEC5
andikisha	uandikishe	V;FIN;IND;PST;3;SG;LGSPEC2
andikisha	ukaandikishe	V;FIN;SUBJ;LGSPEC10;3;SG;LGSPEC6
andikisha	zaandikisha	V;FIN;INDF3;PL;LGSPEC5
andikisha	zingeandikisha	V;FIN;IND;COND;PRES;3;PL;LGSPEC5
andikisha	mmeandikisha	V;FIN;IND;PST;PRF;2;PL
andikisha	waandikisha	V;FIN;IND;IND;INDF2;SG
andikisha	nitaandikisha	V;FIN;IND;FUT;1;SG
andikisha	unaandikisha	V;FIN;IND;PRES;3;SG;LGSPEC2
andikisha	aliandikisha	V;FIN;IND;PST;3;SG;LGSPEC1
andikisha	ningaliandikisha	V;FIN;IND;COND;PST;1;SG
andikisha	wakaandikishe	V;FIN;SUBJ;LGSPEC10;3;PL;LGSPEC1
andikisha	mkiandikisha	V;FIN;SUBJ;COM;PST;2;PL
andikisha	nikaandikishe	V;FIN;SUBJ;LGSPEC10;1;SG
andikisha	mwaandikisha	V;FIN;INDF2;PL
andikisha	zikaandikisha	V;FIN;IND;LGSPEC10;3;PL;LGSPEC5
andikisha	yangeandikisha	V;FIN;IND;COND;PRES;3;PL;LGSPEC3
andikisha	yameandikisha	V;FIN;IND;PST;PRF;3;PL;LGSPEC3
andikisha	waliandikisha	V;FIN;IND;PST;3;PL;LGSPEC1
andikisha	yaandikisha	V;FIN;IND;INDF3;SG;LGSPEC5
andikisha	viandikishe	V;FIN;SUBJ;PST;3;PL;LGSPEC4
andikisha	yangaliandikisha	V;FIN;IND;COND;PST;3;PL;LGSPEC3
andikisha	utaandikisha	V;FIN;IND;FUT;3;SG;LGSPEC6
andikisha	zimeandikisha	V;FIN;IND;PST;PRF;3;PL;LGSPEC6
andikisha	anaandikisha	V;FIN;IND;PRES;3;SG;LGSPEC1
andikisha	ziandikishe	V;FIN;SUBJ;PST;3;PL;LGSPEC5
andikisha	likaandikisha	V;FIN;IND;LGSPEC10;3;SG;LGSPEC3
andikisha	yakiandikisha	V;FIN;SUBJ;COM;PST;3;PL;LGSPEC3
andikisha	kingaliandikisha	V;FIN;IND;COND;PST;3;SG;LGSPEC4
andikisha	ningeandikisha	V;FIN;IND;COND;PRES;1;SG
angu	wangu	ADJ;PL;LGSPEC1
angu	yangu	ADJ;PL;LGSPEC7
angu	kwangu	ADJ;PL;LGSPEC6
angu	pangu	ADJ;SG;LGSPEC8
angu	kwangu	ADJ;SG;LGSPEC6
angu	zangu	ADJ;PL;LGSPEC4
angu	wangu	ADJ;SG;LGSPEC5
angu	langu	ADJ;SG;LGSPEC7
angu	wangu	ADJ;SG;LGSPEC2
angu	mwangu	ADJ;PL;LGSPEC9
angu	zangu	ADJ;PL;LGSPEC5
angu	yangu	ADJ;PL;LGSPEC2
angu	yangu	ADJ;SG;LGSPEC4
angu	vyangu	ADJ;PL;LGSPEC3
angu	changu	ADJ;SG;LGSPEC3
angu	wangu	ADJ;SG;LGSPEC1
angu	pangu	ADJ;PL;LGSPEC8
angu	mwangu	ADJ;SG;LGSPEC9
pumbavu	wapumbavu	ADJ;PL;LGSPEC1
pumbavu	mapumbavu	ADJ;PL;LGSPEC7
pumbavu	kupumbavu	ADJ;PL;LGSPEC6
pumbavu	papumbavu	ADJ;SG;LGSPEC8
pumbavu	kupumbavu	ADJ;SG;LGSPEC6
pumbavu	pumbavu	ADJ;PL;LGSPEC4
pumbavu	mpumbavu	ADJ;SG;LGSPEC5
pumbavu	pumbavu	ADJ;SG;LGSPEC7
pumbavu	mpumbavu	ADJ;SG;LGSPEC2
pumbavu	mupumbavu	ADJ;PL;LGSPEC9
pumbavu	pumbavu	ADJ;PL;LGSPEC5
pumbavu	mipumbavu	ADJ;PL;LGSPEC2
pumbavu	pumbavu	ADJ;SG;LGSPEC4
pumbavu	vipumbavu	ADJ;PL;LGSPEC3
pumbavu	kipumbavu	ADJ;SG;LGSPEC3
pumbavu	mpumbavu	ADJ;SG;LGSPEC1
pumbavu	papumbavu	ADJ;PL;LGSPEC8
pumbavu	mupumbavu	ADJ;SG;LGSPEC9
soma	amesoma	V;FIN;IND;PST;PRF;3;SG;LGSPEC1
soma	ukisoma	V;FIN;SUBJ;COM;PST;3;SG;LGSPEC2
soma	ukasome	V;FIN;SUBJ;LGSPEC10;3;SG;LGSPEC2
soma	inasoma	V;FIN;IND;PRES;3;PL;LGSPEC2
soma	wasoma	V;FIN;INDF3;PL;LGSPEC1
soma	ikasoma	V;FIN;IND;LGSPEC10;3;PL;LGSPEC2
soma	vimesoma	V;FIN;IND;PST;PRF;3;PL;LGSPEC4
soma	vilisoma	V;FIN;IND;PST;3;PL;LGSPEC4
soma	chasoma	V;FIN;IND;INDF3;SG;LGSPEC4
soma	tusome	V;FIN;SUBJ;PST;1;PL
soma	vingalisoma	V;FIN;IND;COND;PST;3;PL;LGSPEC4
soma	litasoma	V;FIN;IND;FUT;3;SG;LGSPEC3
soma	zitasoma	V;FIN;IND;FUT;3;PL;LGSPEC5
soma	yakasome	V;FIN;SUBJ;LGSPEC10;3;PL;LGSPEC3
soma	ingesoma	V;FIN;IND;COND;PRES;3;SG;LGSPEC5
soma	ilisoma	V;FIN;IND;PST;3;SG;LGSPEC5
soma	zikisoma	V;FIN;SUBJ;COM;PST;3;PL;LGSPEC6
soma	lingalisoma	V;FIN;IND;COND;PST;3;SG;LGSPEC3
soma	kingesoma	V;FIN;IND;COND;PRES;3;SG;LGSPEC4
soma	kimesoma	V;FIN;IND;PST;PRF;3;SG;LGSPEC4
soma	lisome	V;FIN;IND;PST;3;SG;LGSPEC3
soma	nikisoma	V;FIN;SUBJ;COM;PST;1;SG
soma	ikasome	V;FIN;SUBJ;LGSPEC10;3;SG;LGSPEC5
soma	wanasoma	V;FIN;IND;PRES;3;PL;LGSPEC1
soma	zasoma	V;FIN;INDF3;PL;LGSPEC6
soma	tukasoma	V;FIN;IND;LGSPEC10;1;PL
soma	wamesoma	V;FIN;IND;PST;PRF;3;PL;LGSPEC1
soma	nasoma	V;FIN;IND;IND;INDF1;SG
soma	utasoma	V;FIN;IND;FUT;2;SG
soma	linasoma	V;FIN;IND;PRES;3;SG;LGSPEC3
soma	akasoma	V;FIN;IND;LGSPEC10;3;SG;LGSPEC1
soma	limesoma	V;FIN;IND;PST;PRF;3;SG;LGSPEC3
soma	ukisoma	V;FIN;SUBJ;COM;PST;2;SG
soma	kusoma	V;NFIN
soma	tungalisoma	V;FIN;IND;COND;PST;1;PL
soma	tukisoma	V;FIN;SUBJ;COM;PST;1;PL
soma	umesoma	V;FIN;IND;PST;PRF;3;SG;LGSPEC6
soma	ukisoma	V;FIN;SUBJ;COM;PST;3;SG;LGSPEC6
soma	isome	V;FIN;IND;PST;3;SG;LGSPEC5
soma	zinasoma	V;FIN;IND;PRES;3;PL;LGSPEC6
soma	zikasoma	V;FIN;IND;LGSPEC7;3;PL;LGSPEC6
soma	ingesoma	V;FIN;IND;COND;PRES;3;PL;LGSPEC2
soma	mlisoma	V;FIN;IND;PST;2;PL
soma	yasome	V;FIN;SUBJ;PST;3;PL;LGSPEC3
soma	mngalisoma	V;FIN;IND;COND;PST;2;PL
soma	watasoma	V;FIN;IND;FUT;3;PL;LGSPEC1
soma	tukasome	V;FIN;SUBJ;LGSPEC10;1;PL
soma	ukasoma	V;FIN;IND;LGSPEC10;3;SG;LGSPEC2
soma	husoma	V;FIN;IND;HAB;SG
soma	ikisoma	V;FIN;SUBJ;COM;PST;3;PL;LGSPEC2
soma	ungesoma	V;FIN;IND;COND;PRES;2;SG
soma	umesoma	V;FIN;IND;PST;PRF;2;SG
soma	nisome	V;FIN;IND;PST;1;SG
soma	likisoma	V;FIN;SUBJ;COM;PST;3;SG;LGSPEC3
soma	akasome	V;FIN;SUBJ;LGSPEC10;3;SG;LGSPEC1
soma	zinasoma	V;FIN;IND;PRES;3;PL;LGSPEC5
soma	yasoma	V;FIN;INDF3;PL;LGSPEC2
soma	yakasoma	V;FIN;IND;LGSPEC10;3;PL;LGSPEC3
soma	zilisoma	V;FIN;IND;PST;3;PL;LGSPEC6
soma	zingalisoma	V;FIN;IND;COND;PST;3;PL;LGSPEC6
soma	zimesoma	V;FIN;IND;PST;PRF;3;PL;LGSPEC5
soma	yalisoma	V;FIN;IND;PST;3;PL;LGSPEC3
soma	lasoma	V;FIN;IND;INDF3;SG;LGSPEC3
soma	isome	V;FIN;SUBJ;PST;3;PL;LGSPEC2
soma	zingalisoma	V;FIN;IND;COND;PST;3;PL;LGSPEC5
soma	kitasoma	V;FIN;IND;FUT;3;SG;LGSPEC4
soma	vitasoma	V;FIN;IND;FUT;3;PL;LGSPEC4
soma	ninasoma	V;FIN;IND;PRES;1;SG
soma	vikasome	V;FIN;SUBJ;LGSPEC10;3;PL;LGSPEC4
soma	ungesoma	V;FIN;IND;COND;PRES;3;SG;LGSPEC6
soma	ikasoma	V;FIN;IND;LGSPEC10;3;SG;LGSPEC5
soma	ulisoma	V;FIN;IND;PST;3;SG;LGSPEC2
soma	zikisoma	V;FIN;SUBJ;COM;PST;3;PL;LGSPEC5
soma	ungalisoma	V;FIN;IND;COND;PST;3;SG;LGSPEC2
soma	angesoma	V;FIN;IND;COND;PRES;3;SG;LGSPEC1
soma	nimesoma	V;FIN;IND;PST;PRF;1;SG
soma	kisome	V;FIN;IND;PST;3;SG;LGSPEC4
soma	kikisoma	V;FIN;SUBJ;COM;PST;3;SG;LGSPEC4
soma	kikasome	V;FIN;SUBJ;LGSPEC10;3;SG;LGSPEC4
soma	mnasoma	V;FIN;IND;PRES;2;PL
soma	yasoma	V;FIN;INDF3;PL;LGSPEC3
soma	mkasoma	V;FIN;IND;LGSPEC10;2;PL
soma	mngesoma	V;FIN;IND;COND;PRES;2;PL
soma	wasoma	V;FIN;IND;IND;INDF3;SG;LGSPEC2
soma	atasoma	V;FIN;IND;FUT;3;SG;LGSPEC1
soma	yatasoma	V;FIN;IND;FUT;3;PL;LGSPEC3
soma	kinasoma	V;FIN;IND;PRES;3;SG;LGSPEC4
soma	ukasoma	V;FIN;IND;LGSPEC10;2;SG
soma	nilisoma	V;FIN;IND;PST;1;SG
soma	angalisoma	V;FIN;IND;COND;PST;3;SG;LGSPEC1
soma	umesoma	V;FIN;IND;PST;PRF;3;SG;LGSPEC2
soma	asome	V;FIN;IND;PST;3;SG;LGSPEC1
soma	akisoma	V;FIN;SUBJ;COM;PST;3;SG;LGSPEC1
soma	tunasoma	V;FIN;IND;PRES;1;PL
soma	zingesoma	V;FIN;IND;COND;PRES;3;PL;LGSPEC6
soma	unasoma	V;FIN;IND;PRES;3;SG;LGSPEC6
soma	ukasoma	V;FIN;IND;LGSPEC10;3;SG;LGSPEC6
soma	zitasoma	V;FIN;IND;FUT;3;PL;LGSPEC6
soma	zikasome	V;FIN;SUBJ;LGSPEC10;3;PL;LGSPEC6
soma	ulisoma	V;FIN;IND;PST;2;SG
soma	usome	V;FIN;IND;PST;3;SG;LGSPEC6
soma	wangesoma	V;FIN;IND;COND;PRES;3;PL;LGSPEC1
soma	tulisoma	V;FIN;IND;PST;1;PL
soma	wangalisoma	V;FIN;IND;COND;PST;3;PL;LGSPEC1
soma	mtasoma	V;FIN;IND;FUT;2;PL
soma	mkasome	V;FIN;SUBJ;LGSPEC10;2;PL
soma	wakisoma	V;FIN;SUBJ;COM;PST;3;PL;LGSPEC1
soma	usome	V;FIN;IND;PST;2;SG
soma	ukasome	V;FIN;SUBJ;LGSPEC10;2;SG
soma	vinasoma	V;FIN;IND;PRES;3;PL;LGSPEC4
soma	twasoma	V;FIN;INDF1;PL
soma	vikasoma	V;FIN;IND;LGSPEC10;3;PL;LGSPEC4
soma	husoma	V;FIN;IND;HAB;PL
soma	vingesoma	V;FIN;IND;COND;PRES;3;PL;LGSPEC4
soma	imesoma	V;FIN;IND;PST;PRF;3;PL;LGSPEC2
soma	ilisoma	V;FIN;IND;PST;3;PL;LGSPEC2
soma	wasoma	V;FIN;IND;INDF3;SG;LGSPEC6
soma	wasome	V;FIN;SUBJ;PST;3;PL;LGSPEC1
soma	ingalisoma	V;FIN;IND;COND;PST;3;PL;LGSPEC2
soma	itasoma	V;FIN;IND;FUT;3;SG;LGSPEC5
soma	tutasoma	V;FIN;IND;FUT;1;PL
soma	unasoma	V;FIN;IND;PRES;2;SG
soma	zikasome	V;FIN;SUBJ;LGSPEC10;3;PL;LGSPEC5
soma	zisome	V;FIN;SUBJ;PST;3;PL;LGSPEC6
soma	kikasoma	V;FIN;IND;LGSPEC10;3;SG;LGSPEC4
soma	lilisoma	V;FIN;IND;PST;3;SG;LGSPEC3
soma	vikisoma	V;FIN;SUBJ;COM;PST;3;PL;LGSPEC4
soma	ingalisoma	V;FIN;IND;COND;PST;3;SG;LGSPEC5
soma	ungesoma	V;FIN;IND;COND;PRES;3;SG;LGSPEC2
soma	ulisoma	V;FIN;IND;PST;3;SG;LGSPEC6
soma	ungalisoma	V;FIN;IND;COND;PST;3;SG;LGSPEC6
soma	ikisoma	V;FIN;SUBJ;COM;PST;3;SG;LGSPEC5
soma	likasome	V;FIN;SUBJ;LGSPEC10;3;SG;LGSPEC3
soma	yanasoma	V;FIN;IND;PRES;3;PL;LGSPEC3
soma	vyasoma	V;FIN;INDF3;PL;LGSPEC4
soma	wakasoma	V;FIN;IND;LGSPEC10;3;PL;LGSPEC1
soma	tungesoma	V;FIN;IND;COND;PRES;1;PL
soma	tumesoma	V;FIN;IND;PST;PRF;1;PL
soma	zilisoma	V;FIN;IND;PST;3;PL;LGSPEC5
soma	asoma	V;FIN;IND;IND;INDF3;SG;LGSPEC1
soma	msome	V;FIN;SUBJ;PST;2;PL
soma	utasoma	V;FIN;IND;FUT;3;SG;LGSPEC2
soma	itasoma	V;FIN;IND;FUT;3;PL;LGSPEC2
soma	inasoma	V;FIN;IND;PRES;3;SG;LGSPEC5
soma	ikasome	V;FIN;SUBJ;LGSPEC10;3;PL;LGSPEC2
soma	nikasoma	V;FIN;IND;LGSPEC10;1;SG
soma	kilisoma	V;FIN;IND;PST;3;SG;LGSPEC4
soma	ungalisoma	V;FIN;IND;COND;PST;2;SG
soma	lingesoma	V;FIN;IND;COND;PRES;3;SG;LGSPEC3
soma	imesoma	V;FIN;IND;PST;PRF;3;SG;LGSPEC5
soma	usome	V;FIN;IND;PST;3;SG;LGSPEC2
soma	ukasome	V;FIN;SUBJ;LGSPEC10;3;SG;LGSPEC6
soma	zasoma	V;FIN;INDF3;PL;LGSPEC5
soma	zingesoma	V;FIN;IND;COND;PRES;3;PL;LGSPEC5
soma	mmesoma	V;FIN;IND;PST;PRF;2;PL
soma	wasoma	V;FIN;IND;IND;INDF2;SG
soma	nitasoma	V;FIN;IND;FUT;1;SG
soma	unasoma	V;FIN;IND;PRES;3;SG;LGSPEC2
soma	alisoma	V;FIN;IND;PST;3;SG;LGSPEC1
soma	ningalisoma	V;FIN;IND;COND;PST;1;SG
soma	wakasome	V;FIN;SUBJ;LGSPEC10;3;PL;LGSPEC1
soma	mkisoma	V;FIN;SUBJ;COM;PST;2;PL
soma	nikasome	V;FIN;SUBJ;LGSPEC10;1;SG
soma	mwasoma	V;FIN;INDF2;PL
soma	zikasoma	V;FIN;IND;LGSPEC10;3;PL;LGSPEC5
soma	yangesoma	V;FIN;IND;COND;PRES;3;PL;LGSPEC3
soma	yamesoma	V;FIN;IND;PST;PRF;3;PL;LGSPEC3
soma	walisoma	V;FIN;IND;PST;3;PL;LGSPEC1
soma	yasoma	V;FIN;IND;INDF3;SG;LGSPEC5
soma	visome	V;FIN;SUBJ;PST;3;PL;LGSPEC4
soma	yangalisoma	V;FIN;IND;COND;PST;3;PL;LGSPEC3
soma	utasoma	V;FIN;IND;FUT;3;SG;LGSPEC6
soma	zimesoma	V;FIN;IND;PST;PRF;3;PL;LGSPEC6
soma	anasoma	V;FIN;IND;PRES;3;SG;LGSPEC1
soma	zisome	V;FIN;SUBJ;PST;3;PL;LGSPEC5
soma	likasoma	V;FIN;IND;LGSPEC10;3;SG;LGSPEC3
soma	yakisoma	V;FIN;SUBJ;COM;PST;3;PL;LGSPEC3
soma	kingalisoma	V;FIN;IND;COND;PST;3;SG;LGSPEC4
soma	ningesoma	V;FIN;IND;COND;PRES;1;SG
tata	ametata	V;FIN;IND;PST;PRF;3;SG;LGSPEC1
tata	ukitata	V;FIN;SUBJ;COM;PST;3;SG;LGSPEC2
tata	ukatate	V;FIN;SUBJ;LGSPEC10;3;SG;LGSPEC2
tata	inatata	V;FIN;IND;PRES;3;PL;LGSPEC2
tata	watata	V;FIN;INDF3;PL;LGSPEC1
tata	ikatata	V;FIN;IND;LGSPEC10;3;PL;LGSPEC2
tata	vimetata	V;FIN;IND;PST;PRF;3;PL;LGSPEC4
tata	vilitata	V;FIN;IND;PST;3;PL;LGSPEC4
tata	chatata	V;FIN;IND;INDF3;SG;LGSPEC4
tata	tutate	V;FIN;SUBJ;PST;1;PL
tata	vingalitata	V;FIN;IND;COND;PST;3;PL;LGSPEC4
tata	litatata	V;FIN;IND;FUT;3;SG;LGSPEC3
tata	zitatata	V;FIN;IND;FUT;3;PL;LGSPEC5
tata	yakatate	V;FIN;SUBJ;LGSPEC10;3;PL;LGSPEC3
tata	ingetata	V;FIN;IND;COND;PRES;3;SG;LGSPEC5
tata	ilitata	V;FIN;IND;PST;3;SG;LGSPEC5
tata	zikitata	V;FIN;SUBJ;COM;PST;3;PL;LGSPEC6
tata	lingalitata	V;FIN;IND;COND;PST;3;SG;LGSPEC3
tata	kingetata	V;FIN;IND;COND;PRES;3;SG;LGSPEC4
tata	kimetata	V;FIN;IND;PST;PRF;3;SG;LGSPEC4
tata	litate	V;FIN;IND;PST;3;SG;LGSPEC3
tata	nikitata	V;FIN;SUBJ;COM;PST;1;SG
tata	ikatate	V;FIN;SUBJ;LGSPEC10;3;SG;LGSPEC5
tata	wanatata	V;FIN;IND;PRES;3;PL;LGSPEC1
tata	zatata	V;FIN;INDF3;PL;LGSPEC6
tata	tukatata	V;FIN;IND;LGSPEC10;1;PL
tata	wametata	V;FIN;IND;PST;PRF;3;PL;LGSPEC1
tata	natata	V;FIN;IND;IND;INDF1;SG
tata	utatata	V;FIN;IND;FUT;2;SG
tata	linatata	V;FIN;IND;PRES;3;SG;LGSPEC3
tata	akatata	V;FIN;IND;LGSPEC10;3;SG;LGSPEC1
tata	limetata	V;FIN;IND;PST;PRF;3;SG;LGSPEC3
tata	ukitata	V;FIN;SUBJ;COM;PST;2;SG
tata	kutata	V;NFIN
tata	tungalitata	V;FIN;IND;COND;PST;1;PL
tata	tukitata	V;FIN;SUBJ;COM;PST;1;PL
tata	umetata	V;FIN;IND;PST;PRF;3;SG;LGSPEC6
tata	ukitata	V;FIN;SUBJ;COM;PST;3;SG;LGSPEC6
tata	itate	V;FIN;IND;PST;3;SG;LGSPEC5
tata	zinatata	V;FIN;IND;PRES;3;PL;LGSPEC6
tata	zikatata	V;FIN;IND;LGSPEC7;3;PL;LGSPEC6
tata	ingetata	V;FIN;IND;COND;PRES;3;PL;LGSPEC2
tata	mlitata	V;FIN;IND;PST;2;PL
tata	yatate	V;FIN;SUBJ;PST;3;PL;LGSPEC3
tata	mngalitata	V;FIN;IND;COND;PST;2;PL
tata	watatata	V;FIN;IND;FUT;3;PL;LGSPEC1
tata	tukatate	V;FIN;SUBJ;LGSPEC10;1;PL
tata	ukatata	V;FIN;IND;LGSPEC10;3;SG;LGSPEC2
tata	hutata	V;FIN;IND;HAB;SG
tata	ikitata	V;FIN;SUBJ;COM;PST;3;PL;LGSPEC2
tata	ungetata	V;FIN;IND;COND;PRES;2;SG
tata	umetata	V;FIN;IND;PST;PRF;2;SG
tata	nitate	V;FIN;IND;PST;1;SG
tata	likitata	V;FIN;SUBJ;COM;PST;3;SG;LGSPEC3
tata	akatate	V;FIN;SUBJ;LGSPEC10;3;SG;LGSPEC1
tata	zinatata	V;FIN;IND;PRES;3;PL;LGSPEC5
tata	yatata	V;FIN;INDF3;PL;LGSPEC2
tata	yakatata	V;FIN;IND;LGSPEC10;3;PL;LGSPEC3
tata	zilitata	V;FIN;IND;PST;3;PL;LGSPEC6
tata	zingalitata	V;FIN;IND;COND;PST;3;PL;LGSPEC6
tata	zimetata	V;FIN;IND;PST;PRF;3;PL;LGSPEC5
tata	yalitata	V;FIN;IND;PST;3;PL;LGSPEC3
tata	latata	V;FIN;IND;INDF3;SG;LGSPEC3
tata	itate	V;FIN;SUBJ;PST;3;PL;LGSPEC2
tata	zingalitata	V;FIN;IND;COND;PST;3;PL;LGSPEC5
tata	kitatata	V;FIN;IND;FUT;3;SG;LGSPEC4
tata	vitatata	V;FIN;IND;FUT;3;PL;LGSPEC4
tata	ninatata	V;FIN;IND;PRES;1;SG
tata	vikatate	V;FIN;SUBJ;LGSPEC10;3;PL;LGSPEC4
tata	ungetata	V;FIN;IND;COND;PRES;3;SG;LGSPEC6
tata	ikatata	V;FIN;IND;LGSPEC10;3;SG;LGSPEC5
tata	ulitata	V;FIN;IND;PST;3;SG;LGSPEC2
tata	zikitata	V;FIN;SUBJ;COM;PST;3;PL;LGSPEC5
tata	ungalitata	V;FIN;IND;COND;PST;3;SG;LGSPEC2
tata	angetata	V;FIN;IND;COND;PRES;3;SG;LGSPEC1
tata	nimetata	V;FIN;IND;PST;PRF;1;SG
tata	kitate	V;FIN;IND;PST;3;SG;LGSPEC4
tata	kikitata	V;FIN;SUBJ;COM;PST;3;SG;LGSPEC4
tata	kikatate	V;FIN;SUBJ;LGSPEC10;3;SG;LGSPEC4
tata	mnatata	V;FIN;IND;PRES;2;PL
tata	yatata	V;FIN;INDF3;PL;LGSPEC3
tata	mkatata	V;FIN;IND;LGSPEC10;2;PL
tata	mngetata	V;FIN;IND;COND;PRES;2;PL
tata	watata	V;FIN;IND;IND;INDF3;SG;LGSPEC2
tata	atatata	V;FIN;IND;FUT;3;SG;LGSPEC1
tata	yatatata	V;FIN;IND;FUT;3;PL;LGSPEC3
tata	kinatata	V;FIN;IND;PRES;3;SG;LGSPEC4
tata	ukatata	V;FIN;IND;LGSPEC10;2;SG
tata	nilitata	V;FIN;IND;PST;1;SG
tata	angalitata	V;FIN;IND;COND;PST;3;SG;LGSPEC1
tata	umetata	V;FIN;IND;PST;PRF;3;SG;LGSPEC2
tata	atate	V;FIN;IND;PST;3;SG;LGSPEC1
tata	akitata	V;FIN;SUBJ;COM;PST;3;SG;LGSPEC1
tata	tunatata	V;FIN;IND;PRES;1;PL
tata	zingetata	V;FIN;IND;COND;PRES;3;PL;LGSPEC6
tata	unatata	V;FIN;IND;PRES;3;SG;LGSPEC6
tata	ukatata	V;FIN;IND;LGSPEC10;3;SG;LGSPEC6
tata	zitatata	V;FIN;IND;FUT;3;PL;LGSPEC6
tata	zikatate	V;FIN;SUBJ;LGSPEC10;3;PL;LGSPEC6
tata	ulitata	V;FIN;IND;PST;2;SG
tata	utate	V;FIN;IND;PST;3;SG;LGSPEC6
tata	wangetata	V;FIN;IND;COND;PRES;3;PL;LGSPEC1
tata	tulitata	V;FIN;IND;PST;1;PL
tata	wangalitata	V;FIN;IND;COND;PST;3;PL;LGSPEC1
tata	mtatata	V;FIN;IND;FUT;2;PL
tata	mkatate	V;FIN;SUBJ;LGSPEC10;2;PL
tata	wakitata	V;FIN;SUBJ;COM;PST;3;PL;LGSPEC1
tata	utate	V;FIN;IND;PST;2;SG
tata	ukatate	V;FIN;SUBJ;LGSPEC10;2;SG
tata	vinatata	V;FIN;IND;PRES;3;PL;LGSPEC4
tata	twatata	V;FIN;INDF1;PL
tata	vikatata	V;FIN;IND;LGSPEC10;3;PL;LGSPEC4
tata	hutata	V;FIN;IND;HAB;PL
tata	vingetata	V;FIN;IND;COND;PRES;3;PL;LGSPEC4
tata	imetata	V;FIN;IND;PST;PRF;3;PL;LGSPEC2
tata	ilitata	V;FIN;IND;PST;3;PL;LGSPEC2
tata	watata	V;FIN;IND;INDF3;SG;LGSPEC6
tata	watate	V;FIN;SUBJ;PST;3;PL;LGSPEC1
tata	ingalitata	V;FIN;IND;COND;PST;3;PL;LGSPEC2
tata	itatata	V;FIN;IND;FUT;3;SG;LGSPEC5
tata	tutatata	V;FIN;IND;FUT;1;PL
tata	unatata	V;FIN;IND;PRES;2;SG
tata	zikatate	V;FIN;SUBJ;LGSPEC10;3;PL;LGSPEC5
tata	zitate	V;FIN;SUBJ;PST;3;PL;LGSPEC6
tata	kikatata	V;FIN;IND;LGSPEC10;3;SG;LGSPEC4
tata	lilitata	V;FIN;IND;PST;3;SG;LGSPEC3
tata	vikitata	V;FIN;SUBJ;COM;PST;3;PL;LGSPEC4
tata	ingalitata	V;FIN;IND;COND;PST;3;SG;LGSPEC5
tata	ungetata	V;FIN;IND;COND;PRES;3;SG;LGSPEC2
tata	ulitata	V;FIN;IND;PST;3;SG;LGSPEC6
tata	ungalitata	V;FIN;IND;COND;PST;3;SG;LGSPEC6
tata	ikitata	V;FIN;SUBJ;COM;PST;3;SG;LGSPEC5
tata	likatate	V;FIN;SUBJ;LGSPEC10;3;SG;LGSPEC3
tata	yanatata	V;FIN;IND;PRES;3;PL;LGSPEC3
tata	vyatata	V;FIN;INDF3;PL;LGSPEC4
tata	wakatata	V;FIN;IND;LGSPEC10;3;PL;LGSPEC1
tata	tungetata	V;FIN;IND;COND;PRES;1;PL
tata	tumetata	V;FIN;IND;PST;PRF;1;PL
tata	zilitata	V;FIN;IND;PST;3;PL;LGSPEC5
tata	atata	V;FIN;IND;IND;INDF3;SG;LGSPEC1
tata	mtate	V;FIN;SUBJ;PST;2;PL
tata	utatata	V;FIN;IND;FUT;3;SG;LGSPEC2
tata	itatata	V;FIN;IND;FUT;3;PL;LGSPEC2
tata	inatata	V;FIN;IND;PRES;3;SG;LGSPEC5
tata	ikatate	V;FIN;SUBJ;LGSPEC10;3;PL;LGSPEC2
tata	nikatata	V;FIN;IND;LGSPEC10;1;SG
tata	kilitata	V;FIN;IND;PST;3;SG;LGSPEC4
tata	ungalitata	V;FIN;IND;COND;PST;2;SG
tata	lingetata	V;FIN;IND;COND;PRES;3;SG;LGSPEC3
tata	imetata	V;FIN;IND;PST;PRF;3;SG;LGSPEC5
tata	utate	V;FIN;IND;PST;3;SG;LGSPEC2
tata	ukatate	V;FIN;SUBJ;LGSPEC10;3;SG;LGSPEC6
tata	zatata	V;FIN;INDF3;PL;LGSPEC5
tata	zingetata	V;FIN;IND;COND;PRES;3;PL;LGSPEC5
tata	mmetata	V;FIN;IND;PST;PRF;2;PL
tata	watata	V;FIN;IND;IND;INDF2;SG
tata	nitatata	V;FIN;IND;FUT;1;SG
tata	unatata	V;FIN;IND;PRES;3;SG;LGSPEC2
tata	alitata	V;FIN;IND;PST;3;SG;LGSPEC1
tata	ningalitata	V;FIN;IND;COND;PST;1;SG
tata	wakatate	V;FIN;SUBJ;LGSPEC10;3;PL;LGSPEC1
tata	mkitata	V;FIN;SUBJ;COM;PST;2;PL
tata	nikatate	V;FIN;SUBJ;LGSPEC10;1;SG
tata	mwatata	V;FIN;INDF2;PL
tata	zikatata	V;FIN;IND;LGSPEC10;3;PL;LGSPEC5
tata	yangetata	V;FIN;IND;COND;PRES;3;PL;LGSPEC3
tata	yametata	V;FIN;IND;PST;PRF;3;PL;LGSPEC3
tata	walitata	V;FIN;IND;PST;3;PL;LGSPEC1
tata	yatata	V;FIN;IND;INDF3;SG;LGSPEC5
tata	vitate	V;FIN;SUBJ;PST;3;PL;LGSPEC4
tata	yangalitata	V;FIN;IND;COND;PST;3;PL;LGSPEC3
tata	utatata	V;FIN;IND;FUT;3;SG;LGSPEC6
tata	zimetata	V;FIN;IND;PST;PRF;3;PL;LGSPEC6
tata	anatata	V;FIN;IND;PRES;3;SG;LGSPEC1
tata	zitate	V;FIN;SUBJ;PST;3;PL;LGSPEC5
tata	likatata	V;FIN;IND;LGSPEC10;3;SG;LGSPEC3
tata	yakitata	V;FIN;SUBJ;COM;PST;3;PL;LGSPEC3
tata	kingalitata	V;FIN;IND;COND;PST;3;SG;LGSPEC4
tata	ningetata	V;FIN;IND;COND;PRES;1;SG
vivu	wavivu	ADJ;PL;LGSPEC1
vivu	mavivu	ADJ;PL;LGSPEC7
vivu	kuvivu	ADJ;PL;LGSPEC6
vivu	pavivu	ADJ;SG;LGSPEC8
vivu	kuvivu	ADJ;SG;LGSPEC6
vivu	mvivu	ADJ;PL;LGSPEC4
vivu	mvivu	ADJ;SG;LGSPEC5
vivu	vivu	ADJ;SG;LGSPEC7
vivu	mvivu	ADJ;SG;LGSPEC2
vivu	muvivu	ADJ;PL;LGSPEC9
vivu	mvivu	ADJ;PL;LGSPEC5
vivu	mivivu	ADJ;PL;LGSPEC2
vivu	mvivu	ADJ;SG;LGSPEC4
vivu	vivivu	ADJ;PL;LGSPEC3
vivu	kivivu	ADJ;SG;LGSPEC3
vivu	mvivu	ADJ;SG;LGSPEC1
vivu	pavivu	ADJ;PL;LGSPEC8
vivu	muvivu	ADJ;SG;LGSPEC9
zee	wazee	ADJ;PL;LGSPEC1
zee	mazee	ADJ;PL;LGSPEC7
zee	kuzee	ADJ;PL;LGSPEC6
zee	pazee	ADJ;SG;LGSPEC8
zee	kuzee	ADJ;SG;LGSPEC6
zee	nzee	ADJ;PL;LGSPEC4
zee	mzee	ADJ;SG;LGSPEC5
zee	zee	ADJ;SG;LGSPEC7
zee	mzee	ADJ;SG;LGSPEC2
zee	muzee	ADJ;PL;LGSPEC9
zee	nzee	ADJ;PL;LGSPEC5
zee	mizee	ADJ;PL;LGSPEC2
zee	nzee	ADJ;SG;LGSPEC4
zee	vizee	ADJ;PL;LGSPEC3
zee	kizee	ADJ;SG;LGSPEC3
zee	mzee	ADJ;SG;LGSPEC1
zee	pazee	ADJ;PL;LGSPEC8
zee	muzee	ADJ;SG;LGSPEC9
badili	amebadili	V;FIN;IND;PST;PRF;3;SG;LGSPEC1
badili	ukibadili	V;FIN;SUBJ;COM;PST;3;SG;LGSPEC2
badili	ukabadili	V;FIN;SUBJ;LGSPEC10;3;SG;LGSPEC2
badili	inabadili	V;FIN;IND;PRES;3;PL;LGSPEC2
badili	wabadili	V;FIN;INDF3;PL;LGSPEC1
badili	ikabadili	V;FIN;IND;LGSPEC10;3;PL;LGSPEC2
badili	vimebadili	V;FIN;IND;PST;PRF;3;PL;LGSPEC4
badili	vilibadili	V;FIN;IND;PST;3;PL;LGSPEC4
badili	chabadili	V;FIN;IND;INDF3;SG;LGSPEC4
badili	tubadili	V;FIN;SUBJ;PST;1;PL
badili	vingalibadili	V;FIN;IND;COND;PST;3;PL;LGSPEC4
badili	litabadili	V;FIN;IND;FUT;3;SG;LGSPEC3
badili	zitabadili	V;FIN;IND;FUT;3;PL;LGSPEC5
badili	yakabadili	V;FIN;SUBJ;LGSPEC10;3;PL;LGSPEC3
badili	ingebadili	V;FIN;IND;COND;PRES;3;SG;LGSPEC5
badili	ilibadili	V;FIN;IND;PST;3;SG;LGSPEC5
badili	zikibadili	V;FIN;SUBJ;COM;PST;3;PL;LGSPEC6
badili	lingalibadili	V;FIN;IND;COND;PST;3;SG;LGSPEC3
badili	kingebadili	V;FIN;IND;COND;PRES;3;SG;LGSPEC4
badili	kimebadili	V;FIN;IND;PST;PRF;3;SG;LGSPEC4
badili	libadili	V;FIN;IND;PST;3;SG;LGSPEC3
badili	nikibadili	V;FIN;SUBJ;COM;PST;1;SG
badili	ikabadili	V;FIN;SUBJ;LGSPEC10;3;SG;LGSPEC5
badili	wanabadili	V;FIN;IND;PRES;3;PL;LGSPEC1
badili	zabadili	V;FIN;INDF3;PL;LGSPEC6
badili	tukabadili	V;FIN;IND;LGSPEC10;1;PL
badili	wamebadili	V;FIN;IND;PST;PRF;3;PL;LGSPEC1
badili	nabadili	V;FIN;IND;IND;INDF1;SG
badili	utabadili	V;FIN;IND;FUT;2;SG
badili	linabadili	V;FIN;IND;PRES;3;SG;LGSPEC3
badili	akabadili	V;FIN;IND;LGSPEC10;3;SG;LGSPEC1
badili	limebadili	V;FIN;IND;PST;PRF;3;SG;LGSPEC3
badili	ukibadili	V;FIN;SUBJ;COM;PST;2;SG
badili	kubadili	V;NFIN
badili	tungalibadili	V;FIN;IND;COND;PST;1;PL
badili	tukibadili	V;FIN;SUBJ;COM;PST;1;PL
badili	umebadili	V;FIN;IND;PST;PRF;3;SG;LGSPEC6
badili	ukibadili	V;FIN;SUBJ;COM;PST;3;SG;LGSPEC6
badili	ibadili	V;FIN;IND;PST;3;SG;LGSPEC5
badili	zinabadili	V;FIN;IND;PRES;3;PL;LGSPEC6
badili	zikabadili	V;FIN;IND;LGSPEC7;3;PL;LGSPEC6
badili	ingebadili	V;FIN;IND;COND;PRES;3;PL;LGSPEC2
badili	mlibadili	V;FIN;IND;PST;2;PL
badili	yabadili	V;FIN;SUBJ;PST;3;PL;LGSPEC3
badili	mngalibadili	V;FIN;IND;COND;PST;2;PL
badili	watabadili	V;FIN;IND;FUT;3;PL;LGSPEC1
badili	tukabadili	V;FIN;SUBJ;LGSPEC10;1;PL
badili	ukabadili	V;FIN;IND;LGSPEC10;3;SG;LGSPEC2
badili	hubadili	V;FIN;IND;HAB;SG
badili	ikibadili	V;FIN;SUBJ;COM;PST;3;PL;LGSPEC2
badili	ungebadili	V;FIN;IND;COND;PRES;2;SG
badili	umebadili	V;FIN;IND;PST;PRF;2;SG
badili	nibadili	V;FIN;IND;PST;1;SG
badili	likibadili	V;FIN;SUBJ;COM;PST;3;SG;LGSPEC3
badili	akabadili	V;FIN;SUBJ;LGSPEC10;3;SG;LGSPEC1
badili	zinabadili	V;FIN;IND;PRES;3;PL;LGSPEC5
badili	yabadili	V;FIN;INDF3;PL;LGSPEC2
badili	yakabadili	V;FIN;IND;LGSPEC10;3;PL;LGSPEC3
badili	zilibadili	V;FIN;IND;PST;3;PL;LGSPEC6
badili	zingalibadili	V;FIN;IND;COND;PST;3;PL;LGSPEC6
badili	zimebadili	V;FIN;IND;PST;PRF;3;PL;LGSPEC5
badili	yalibadili	V;FIN;IND;PST;3;PL;LGSPEC3
badili	labadili	V;FIN;IND;INDF3;SG;LGSPEC3
badili	ibadili	V;FIN;SUBJ;PST;3;PL;LGSPEC2
badili	zingalibadili	V;FIN;IND;COND;PST;3;PL;LGSPEC5
badili	kitabadili	V;FIN;IND;FUT;3;SG;LGSPEC4
badili	vitabadili	V;FIN;IND;FUT;3;PL;LGSPEC4
badili	ninabadili	V;FIN;IND;PRES;1;SG
badili	vikabadili	V;FIN;SUBJ;LGSPEC10;3;PL;LGSPEC4
badili	ungebadili	V;FIN;IND;COND;PRES;3;SG;LGSPEC6
badili	ikabadili	V;FIN;IND;LGSPEC10;3;SG;LGSPEC5
badili	ulibadili	V;FIN;IND;PST;3;SG;LGSPEC2
badili	zikibadili	V;FIN;SUBJ;COM;PST;3;PL;LGSPEC5
badili	ungalibadili	V;FIN;IND;COND;PST;3;SG;LGSPEC2
badili	angebadili	V;FIN;IND;COND;PRES;3;SG;LGSPEC1
badili	nimebadili	V;FIN;IND;PST;PRF;1;SG
badili	kibadili	V;FIN;IND;PST;3;SG;LGSPEC4
badili	kikibadili	V;FIN;SUBJ;COM;PST;3;SG;LGSPEC4
badili	kikabadili	V;FIN;SUBJ;LGSPEC10;3;SG;LGSPEC4
badili	mnabadili	V;FIN;IND;PRES;2;PL
badili	yabadili	V;FIN;INDF3;PL;LGSPEC3
badili	mkabadili	V;FIN;IND;LGSPEC10;2;PL
badili	mngebadili	V;FIN;IND;COND;PRES;2;PL
badili	wabadili	V;FIN;IND;IND;INDF3;SG;LGSPEC2
badili	atabadili	V;FIN;IND;FUT;3;SG;LGSPEC1
badili	yatabadili	V;FIN;IND;FUT;3;PL;LGSPEC3
badili	kinabadili	V;FIN;IND;PRES;3;SG;LGSPEC4
badili	ukabadili	V;FIN;IND;LGSPEC10;2;SG
badili	nilibadili	V;FIN;IND;PST;1;SG
badili	angalibadili	V;FIN;IND;COND;PST;3;SG;LGSPEC1
badili	umebadili	V;FIN;IND;PST;PRF;3;SG;LGSPEC2
badili	abadili	V;FIN;IND;PST;3;SG;LGSPEC1
badili	akibadili	V;FIN;SUBJ;COM;PST;3;SG;LGSPEC1
badili	tunabadili	V;FIN;IND;PRES;1;PL
badili	zingebadili	V;FIN;IND;COND;PRES;3;PL;LGSPEC6
badili	unabadili	V;FIN;IND;PRES;3;SG;LGSPEC6
badili	ukabadili	V;FIN;IND;LGSPEC10;3;SG;LGSPEC6
badili	zitabadili	V;FIN;IND;FUT;3;PL;LGSPEC6
badili	zikabadili	V;FIN;SUBJ;LGSPEC10;3;PL;LGSPEC6
badili	ulibadili	V;FIN;IND;PST;2;SG
badili	ubadili	V;FIN;IND;PST;3;SG;LGSPEC6
badili	wangebadili	V;FIN;IND;COND;PRES;3;PL;LGSPEC1
badili	tulibadili	V;FIN;IND;PST;1;PL
badili	wangalibadili	V;FIN;IND;COND;PST;3;PL;LGSPEC1
badili	mtabadili	V;FIN;IND;FUT;2;PL
badili	mkabadili	V;FIN;SUBJ;LGSPEC10;2;PL
badili	wakibadili	V;FIN;SUBJ;COM;PST;3;PL;LGSPEC1
badili	ubadili	V;FIN;IND;PST;2;SG
badili	ukabadili	V;FIN;SUBJ;LGSPEC10;2;SG
badili	vinabadili	V;FIN;IND;PRES;3;PL;LGSPEC4
badili	twabadili	V;FIN;INDF1;PL
badili	vikabadili	V;FIN;IND;LGSPEC10;3;PL;LGSPEC4
badili	hubadili	V;FIN;IND;HAB;PL
badili	vingebadili	V;FIN;IND;COND;PRES;3;PL;LGSPEC4
badili	imebadili	V;FIN;IND;PST;PRF;3;PL;LGSPEC2
badili	ilibadili	V;FIN;IND;PST;3;PL;LGSPEC2
badili	wabadili	V;FIN;IND;INDF3;SG;LGSPEC6
badili	wabadili	V;FIN;SUBJ;PST;3;PL;LGSPEC1
badili	ingalibadili	V;FIN;IND;COND;PST;3;PL;LGSPEC2
badili	itabadili	V;FIN;IND;FUT;3;SG;LGSPEC5
badili	tutabadili	V;FIN;IND;FUT;1;PL
badili	unabadili	V;FIN;IND;PRES;2;SG
badili	zikabadili	V;FIN;SUBJ;LGSPEC10;3;PL;LGSPEC5
badili	zibadili	V;FIN;SUBJ;PST;3;PL;LGSPEC6
badili	kikabadili	V;FIN;IND;LGSPEC10;3;SG;LGSPEC4
badili	lilibadili	V;FIN;IND;PST;3;SG;LGSPEC3
badili	vikibadili	V;FIN;SUBJ;COM;PST;3;PL;LGSPEC4
badili	ingalibadili	V;FIN;IND;COND;PST;3;SG;LGSPEC5
badili	ungebadili	V;FIN;IND;COND;PRES;3;SG;LGSPEC2
badili	ulibadili	V;FIN;IND;PST;3;SG;LGSPEC6
badili	ungalibadili	V;FIN;IND;COND;PST;3;SG;LGSPEC6
badili	ikibadili	V;FIN;SUBJ;COM;PST;3;SG;LGSPEC5
badili	likabadili	V;FIN;SUBJ;LGSPEC10;3;SG;LGSPEC3
badili	yanabadili	V;FIN;IND;PRES;3;PL;LGSPEC3
badili	vyabadili	V;FIN;INDF3;PL;LGSPEC4
badili	wakabadili	V;FIN;IND;LGSPEC10;3;PL;LGSPEC1
badili	tungebadili	V;FIN;IND;COND;PRES;1;PL
badili	tumebadili	V;FIN;IND;PST;PRF;1;PL
badili	zilibadili	V;FIN;IND;PST;3;PL;LGSPEC5
badili	abadili	V;FIN;IND;IND;INDF3;SG;LGSPEC1
badili	mbadili	V;FIN;SUBJ;PST;2;PL
badili	utabadili	V;FIN;IND;FUT;3;SG;LGSPEC2
badili	itabadili	V;FIN;IND;FUT;3;PL;LGSPEC2
badili	inabadili	V;FIN;IND;PRES;3;SG;LGSPEC5
badili	ikabadili	V;FIN;SUBJ;LGSPEC10;3;PL;LGSPEC2
badili	nikabadili	V;FIN;IND;LGSPEC10;1;SG
badili	kilibadili	V;FIN;IND;PST;3;SG;LGSPEC4
badili	ungalibadili	V;FIN;IND;COND;PST;2;SG
badili	lingebadili	V;FIN;IND;COND;PRES;3;SG;LGSPEC3
badili	imebadili	V;FIN;IND;PST;PRF;3;SG;LGSPEC5
badili	ubadili	V;FIN;IND;PST;3;SG;LGSPEC2
badili	ukabadili	V;FIN;SUBJ;LGSPEC10;3;SG;LGSPEC6
badili	zabadili	V;FIN;INDF3;PL;LGSPEC5
badili	zingebadili	V;FIN;IND;COND;PRES;3;PL;LGSPEC5
badili	mmebadili	V;FIN;IND;PST;PRF;2;PL
badili	wabadili	V;FIN;IND;IND;INDF2;SG
badili	nitabadili	V;FIN;IND;FUT;1;SG
badili	unabadili	V;FIN;IND;PRES;3;SG;LGSPEC2
badili	alibadili	V;FIN;IND;PST;3;SG;LGSPEC1
badili	ningalibadili	V;FIN;IND;COND;PST;1;SG
badili	wakabadili	V;FIN;SUBJ;LGSPEC10;3;PL;LGSPEC1
badili	mkibadili	V;FIN;SUBJ;COM;PST;2;PL
badili	nikabadili	V;FIN;SUBJ;LGSPEC10;1;SG
badili	mwabadili	V;FIN;INDF2;PL
badili	zikabadili	V;FIN;IND;LGSPEC10;3;PL;LGSPEC5
badili	yangebadili	V;FIN;IND;COND;PRES;3;PL;LGSPEC3
badili	yamebadili	V;FIN;IND;PST;PRF;3;PL;LGSPEC3
badili	walibadili	V;FIN;IND;PST;3;PL;LGSPEC1
badili	yabadili	V;FIN;IND;INDF3;SG;LGSPEC5
badili	vibadili	V;FIN;SUBJ;PST;3;PL;LGSPEC4
badili	yangalibadili	V;FIN;IND;COND;PST;3;PL;LGSPEC3
badili	utabadili	V;FIN;IND;FUT;3;SG;LGSPEC6
badili	zimebadili	V;FIN;IND;PST;PRF;3;PL;LGSPEC6
badili	anabadili	V;FIN;IND;PRES;3;SG;LGSPEC1
badili	zibadili	V;FIN;SUBJ;PST;3;PL;LGSPEC5
badili	likabadili	V;FIN;IND;LGSPEC10;3;SG;LGSPEC3
badili	yakibadili	V;FIN;SUBJ;COM;PST;3;PL;LGSPEC3
badili	kingalibadili	V;FIN;IND;COND;PST;3;SG;LGSPEC4
badili	ningebadili	V;FIN;IND;COND;PRES;1;SG
badili	amebadili	V;FIN;IND;PST;PRF;3;SG;LGSPEC1
badili	ukibadili	V;FIN;SUBJ;COM;PST;3;SG;LGSPEC2
badili	ukabadili	V;FIN;SUBJ;LGSPEC10;3;SG;LGSPEC2
badili	inabadili	V;FIN;IND;PRES;3;PL;LGSPEC2
badili	wabadili	V;FIN;INDF3;PL;LGSPEC1
badili	ikabadili	V;FIN;IND;LGSPEC10;3;PL;LGSPEC2
badili	vimebadili	V;FIN;IND;PST;PRF;3;PL;LGSPEC4
badili	vilibadili	V;FIN;IND;PST;3;PL;LGSPEC4
badili	chabadili	V;FIN;IND;INDF3;SG;LGSPEC4
badili	tubadili	V;FIN;SUBJ;PST;1;PL
badili	vingalibadili	V;FIN;IND;COND;PST;3;PL;LGSPEC4
badili	litabadili	V;FIN;IND;FUT;3;SG;LGSPEC3
badili	zitabadili	V;FIN;IND;FUT;3;PL;LGSPEC5
badili	yakabadili	V;FIN;SUBJ;LGSPEC10;3;PL;LGSPEC3
badili	ingebadili	V;FIN;IND;COND;PRES;3;SG;LGSPEC5
badili	ilibadili	V;FIN;IND;PST;3;SG;LGSPEC5
badili	zikibadili	V;FIN;SUBJ;COM;PST;3;PL;LGSPEC6
badili	lingalibadili	V;FIN;IND;COND;PST;3;SG;LGSPEC3
badili	kingebadili	V;FIN;IND;COND;PRES;3;SG;LGSPEC4
badili	kimebadili	V;FIN;IND;PST;PRF;3;SG;LGSPEC4
badili	libadili	V;FIN;IND;PST;3;SG;LGSPEC3
badili	nikibadili	V;FIN;SUBJ;COM;PST;1;SG
badili	ikabadili	V;FIN;SUBJ;LGSPEC10;3;SG;LGSPEC5
badili	wanabadili	V;FIN;IND;PRES;3;PL;LGSPEC1
badili	zabadili	V;FIN;INDF3;PL;LGSPEC6
badili	tukabadili	V;FIN;IND;LGSPEC10;1;PL
badili	wamebadili	V;FIN;IND;PST;PRF;3;PL;LGSPEC1
badili	nabadili	V;FIN;IND;IND;INDF1;SG
badili	utabadili	V;FIN;IND;FUT;2;SG
badili	linabadili	V;FIN;IND;PRES;3;SG;LGSPEC3
badili	akabadili	V;FIN;IND;LGSPEC10;3;SG;LGSPEC1
badili	limebadili	V;FIN;IND;PST;PRF;3;SG;LGSPEC3
badili	ukibadili	V;FIN;SUBJ;COM;PST;2;SG
badili	kubadili	V;NFIN
badili	tungalibadili	V;FIN;IND;COND;PST;1;PL
badili	tukibadili	V;FIN;SUBJ;COM;PST;1;PL
badili	umebadili	V;FIN;IND;PST;PRF;3;SG;LGSPEC6
badili	ukibadili	V;FIN;SUBJ;COM;PST;3;SG;LGSPEC6
badili	ibadili	V;FIN;IND;PST;3;SG;LGSPEC5
badili	zinabadili	V;FIN;IND;PRES;3;PL;LGSPEC6
badili	zikabadili	V;FIN;IND;LGSPEC7;3;PL;LGSPEC6
badili	ingebadili	V;FIN;IND;COND;PRES;3;PL;LGSPEC2
badili	mlibadili	V;FIN;IND;PST;2;PL
badili	yabadili	V;FIN;SUBJ;PST;3;PL;LGSPEC3
badili	mngalibadili	V;FIN;IND;COND;PST;2;PL
badili	watabadili	V;FIN;IND;FUT;3;PL;LGSPEC1
badili	tukabadili	V;FIN;SUBJ;LGSPEC10;1;PL
badili	ukabadili	V;FIN;IND;LGSPEC10;3;SG;LGSPEC2
badili	hubadili	V;FIN;IND;HAB;SG
badili	ikibadili	V;FIN;SUBJ;COM;PST;3;PL;LGSPEC2
badili	ungebadili	V;FIN;IND;COND;PRES;2;SG
badili	umebadili	V;FIN;IND;PST;PRF;2;SG
badili	nibadili	V;FIN;IND;PST;1;SG
badili	likibadili	V;FIN;SUBJ;COM;PST;3;SG;LGSPEC3
badili	akabadili	V;FIN;SUBJ;LGSPEC10;3;SG;LGSPEC1
badili	zinabadili	V;FIN;IND;PRES;3;PL;LGSPEC5
badili	yabadili	V;FIN;INDF3;PL;LGSPEC2
badili	yakabadili	V;FIN;IND;LGSPEC10;3;PL;LGSPEC3
badili	zilibadili	V;FIN;IND;PST;3;PL;LGSPEC6
badili	zingalibadili	V;FIN;IND;COND;PST;3;PL;LGSPEC6
badili	zimebadili	V;FIN;IND;PST;PRF;3;PL;LGSPEC5
badili	yalibadili	V;FIN;IND;PST;3;PL;LGSPEC3
badili	labadili	V;FIN;IND;INDF3;SG;LGSPEC3
badili	ibadili	V;FIN;SUBJ;PST;3;PL;LGSPEC2
badili	zingalibadili	V;FIN;IND;COND;PST;3;PL;LGSPEC5
badili	kitabadili	V;FIN;IND;FUT;3;SG;LGSPEC4
badili	vitabadili	V;FIN;IND;FUT;3;PL;LGSPEC4
badili	ninabadili	V;FIN;IND;PRES;1;SG
badili	vikabadili	V;FIN;SUBJ;LGSPEC10;3;PL;LGSPEC4
badili	ungebadili	V;FIN;IND;COND;PRES;3;SG;LGSPEC6
badili	ikabadili	V;FIN;IND;LGSPEC10;3;SG;LGSPEC5
badili	ulibadili	V;FIN;IND;PST;3;SG;LGSPEC2
badili	zikibadili	V;FIN;SUBJ;COM;PST;3;PL;LGSPEC5
badili	ungalibadili	V;FIN;IND;COND;PST;3;SG;LGSPEC2
badili	angebadili	V;FIN;IND;COND;PRES;3;SG;LGSPEC1
badili	nimebadili	V;FIN;IND;PST;PRF;1;SG
badili	kibadili	V;FIN;IND;PST;3;SG;LGSPEC4
badili	kikibadili	V;FIN;SUBJ;COM;PST;3;SG;LGSPEC4
badili	kikabadili	V;FIN;SUBJ;LGSPEC10;3;SG;LGSPEC4
badili	mnabadili	V;FIN;IND;PRES;2;PL
badili	yabadili	V;FIN;INDF3;PL;LGSPEC3
badili	mkabadili	V;FIN;IND;LGSPEC10;2;PL
badili	mngebadili	V;FIN;IND;COND;PRES;2;PL
badili	wabadili	V;FIN;IND;IND;INDF3;SG;LGSPEC2
badili	atabadili	V;FIN;IND;FUT;3;SG;LGSPEC1
badili	yatabadili	V;FIN;IND;FUT;3;PL;LGSPEC3
badili	kinabadili	V;FIN;IND;PRES;3;SG;LGSPEC4
badili	ukabadili	V;FIN;IND;LGSPEC10;2;SG
badili	nilibadili	V;FIN;IND;PST;1;SG
badili	angalibadili	V;FIN;IND;COND;PST;3;SG;LGSPEC1
badili	umebadili	V;FIN;IND;PST;PRF;3;SG;LGSPEC2
badili	abadili	V;FIN;IND;PST;3;SG;LGSPEC1
badili	akibadili	V;FIN;SUBJ;COM;PST;3;SG;LGSPEC1
badili	tunabadili	V;FIN;IND;PRES;1;PL
badili	zingebadili	V;FIN;IND;COND;PRES;3;PL;LGSPEC6
badili	unabadili	V;FIN;IND;PRES;3;SG;LGSPEC6
badili	ukabadili	V;FIN;IND;LGSPEC10;3;SG;LGSPEC6
badili	zitabadili	V;FIN;IND;FUT;3;PL;LGSPEC6
badili	zikabadili	V;FIN;SUBJ;LGSPEC10;3;PL;LGSPEC6
badili	ulibadili	V;FIN;IND;PST;2;SG
badili	ubadili	V;FIN;IND;PST;3;SG;LGSPEC6
badili	wangebadili	V;FIN;IND;COND;PRES;3;PL;LGSPEC1
badili	tulibadili	V;FIN;IND;PST;1;PL
badili	wangalibadili	V;FIN;IND;COND;PST;3;PL;LGSPEC1
badili	mtabadili	V;FIN;IND;FUT;2;PL
badili	mkabadili	V;FIN;SUBJ;LGSPEC10;2;PL
badili	wakibadili	V;FIN;SUBJ;COM;PST;3;PL;LGSPEC1
badili	ubadili	V;FIN;IND;PST;2;SG
badili	ukabadili	V;FIN;SUBJ;LGSPEC10;2;SG
badili	vinabadili	V;FIN;IND;PRES;3;PL;LGSPEC4
badili	twabadili	V;FIN;INDF1;PL
badili	vikabadili	V;FIN;IND;LGSPEC10;3;PL;LGSPEC4
badili	hubadili	V;FIN;IND;HAB;PL
badili	vingebadili	V;FIN;IND;COND;PRES;3;PL;LGSPEC4
badili	imebadili	V;FIN;IND;PST;PRF;3;PL;LGSPEC2
badili	ilibadili	V;FIN;IND;PST;3;PL;LGSPEC2
badili	wabadili	V;FIN;IND;INDF3;SG;LGSPEC6
badili	wabadili	V;FIN;SUBJ;PST;3;PL;LGSPEC1
badili	ingalibadili	V;FIN;IND;COND;PST;3;PL;LGSPEC2
badili	itabadili	V;FIN;IND;FUT;3;SG;LGSPEC5
badili	tutabadili	V;FIN;IND;FUT;1;PL
badili	unabadili	V;FIN;IND;PRES;2;SG
badili	zikabadili	V;FIN;SUBJ;LGSPEC10;3;PL;LGSPEC5
badili	zibadili	V;FIN;SUBJ;PST;3;PL;LGSPEC6
badili	kikabadili	V;FIN;IND;LGSPEC10;3;SG;LGSPEC4
badili	lilibadili	V;FIN;IND;PST;3;SG;LGSPEC3
badili	vikibadili	V;FIN;SUBJ;COM;PST;3;PL;LGSPEC4
badili	ingalibadili	V;FIN;IND;COND;PST;3;SG;LGSPEC5
badili	ungebadili	V;FIN;IND;COND;PRES;3;SG;LGSPEC2
badili	ulibadili	V;FIN;IND;PST;3;SG;LGSPEC6
badili	ungalibadili	V;FIN;IND;COND;PST;3;SG;LGSPEC6
badili	ikibadili	V;FIN;SUBJ;COM;PST;3;SG;LGSPEC5
badili	likabadili	V;FIN;SUBJ;LGSPEC10;3;SG;LGSPEC3
badili	yanabadili	V;FIN;IND;PRES;3;PL;LGSPEC3
badili	vyabadili	V;FIN;INDF3;PL;LGSPEC4
badili	wakabadili	V;FIN;IND;LGSPEC10;3;PL;LGSPEC1
badili	tungebadili	V;FIN;IND;COND;PRES;1;PL
badili	tumebadili	V;FIN;IND;PST;PRF;1;PL
badili	zilibadili	V;FIN;IND;PST;3;PL;LGSPEC5
badili	abadili	V;FIN;IND;IND;INDF3;SG;LGSPEC1
badili	mbadili	V;FIN;SUBJ;PST;2;PL
badili	utabadili	V;FIN;IND;FUT;3;SG;LGSPEC2
badili	itabadili	V;FIN;IND;FUT;3;PL;LGSPEC2
badili	inabadili	V;FIN;IND;PRES;3;SG;LGSPEC5
badili	ikabadili	V;FIN;SUBJ;LGSPEC10;3;PL;LGSPEC2
badili	nikabadili	V;FIN;IND;LGSPEC10;1;SG
badili	kilibadili	V;FIN;IND;PST;3;SG;LGSPEC4
badili	ungalibadili	V;FIN;IND;COND;PST;2;SG
badili	lingebadili	V;FIN;IND;COND;PRES;3;SG;LGSPEC3
badili	imebadili	V;FIN;IND;PST;PRF;3;SG;LGSPEC5
badili	ubadili	V;FIN;IND;PST;3;SG;LGSPEC2
badili	ukabadili	V;FIN;SUBJ;LGSPEC10;3;SG;LGSPEC6
badili	zabadili	V;FIN;INDF3;PL;LGSPEC5
badili	zingebadili	V;FIN;IND;COND;PRES;3;PL;LGSPEC5
badili	mmebadili	V;FIN;IND;PST;PRF;2;PL
badili	wabadili	V;FIN;IND;IND;INDF2;SG
badili	nitabadili	V;FIN;IND;FUT;1;SG
badili	unabadili	V;FIN;IND;PRES;3;SG;LGSPEC2
badili	alibadili	V;FIN;IND;PST;3;SG;LGSPEC1
badili	ningalibadili	V;FIN;IND;COND;PST;1;SG
badili	wakabadili	V;FIN;SUBJ;LGSPEC10;3;PL;LGSPEC1
badili	mkibadili	V;FIN;SUBJ;COM;PST;2;PL
badili	nikabadili	V;FIN;SUBJ;LGSPEC10;1;SG
badili	mwabadili	V;FIN;INDF2;PL
badili	zikabadili	V;FIN;IND;LGSPEC10;3;PL;LGSPEC5
badili	yangebadili	V;FIN;IND;COND;PRES;3;PL;LGSPEC3
badili	yamebadili	V;FIN;IND;PST;PRF;3;PL;LGSPEC3
badili	walibadili	V;FIN;IND;PST;3;PL;LGSPEC1
badili	yabadili	V;FIN;IND;INDF3;SG;LGSPEC5
badili	vibadili	V;FIN;SUBJ;PST;3;PL;LGSPEC4
badili	yangalibadili	V;FIN;IND;COND;PST;3;PL;LGSPEC3
badili	utabadili	V;FIN;IND;FUT;3;SG;LGSPEC6
badili	zimebadili	V;FIN;IND;PST;PRF;3;PL;LGSPEC6
badili	anabadili	V;FIN;IND;PRES;3;SG;LGSPEC1
badili	zibadili	V;FIN;SUBJ;PST;3;PL;LGSPEC5
badili	likabadili	V;FIN;IND;LGSPEC10;3;SG;LGSPEC3
badili	yakibadili	V;FIN;SUBJ;COM;PST;3;PL;LGSPEC3
badili	kingalibadili	V;FIN;IND;COND;PST;3;SG;LGSPEC4
badili	ningebadili	V;FIN;IND;COND;PRES;1;SG
bichi	wabichi	ADJ;PL;LGSPEC1
bichi	mabichi	ADJ;PL;LGSPEC7
bichi	kubichi	ADJ;PL;LGSPEC6
bichi	pabichi	ADJ;SG;LGSPEC8
bichi	kubichi	ADJ;SG;LGSPEC6
bichi	mbichi	ADJ;PL;LGSPEC4
bichi	mbichi	ADJ;SG;LGSPEC5
bichi	bichi	ADJ;SG;LGSPEC7
bichi	mbichi	ADJ;SG;LGSPEC2
bichi	mubichi	ADJ;PL;LGSPEC9
bichi	mbichi	ADJ;PL;LGSPEC5
bichi	mibichi	ADJ;PL;LGSPEC2
bichi	mbichi	ADJ;SG;LGSPEC4
bichi	vibichi	ADJ;PL;LGSPEC3
bichi	kibichi	ADJ;SG;LGSPEC3
bichi	mbichi	ADJ;SG;LGSPEC1
bichi	pabichi	ADJ;PL;LGSPEC8
bichi	mubichi	ADJ;SG;LGSPEC9
chache	muchache	ADJ;PL;LGSPEC9
chache	pachache	ADJ;PL;LGSPEC8
chache	kuchache	ADJ;PL;LGSPEC6
chache	chache	ADJ;PL;LGSPEC5
chache	machache	ADJ;PL;LGSPEC7
chache	michache	ADJ;PL;LGSPEC2
chache	chache	ADJ;PL;LGSPEC4
chache	vichache	ADJ;PL;LGSPEC3
chache	wachache	ADJ;PL;LGSPEC1
chungu	wachungu	ADJ;PL;LGSPEC1
chungu	machungu	ADJ;PL;LGSPEC7
chungu	kuchungu	ADJ;PL;LGSPEC6
chungu	pachungu	ADJ;SG;LGSPEC8
chungu	kuchungu	ADJ;SG;LGSPEC6
chungu	chungu	ADJ;PL;LGSPEC4
chungu	mchungu	ADJ;SG;LGSPEC5
chungu	chungu	ADJ;SG;LGSPEC7
chungu	mchungu	ADJ;SG;LGSPEC2
chungu	muchungu	ADJ;PL;LGSPEC9
chungu	chungu	ADJ;PL;LGSPEC5
chungu	michungu	ADJ;PL;LGSPEC2
chungu	chungu	ADJ;SG;LGSPEC4
chungu	vichungu	ADJ;PL;LGSPEC3
chungu	kichungu	ADJ;SG;LGSPEC3
chungu	mchungu	ADJ;SG;LGSPEC1
chungu	pachungu	ADJ;PL;LGSPEC8
chungu	muchungu	ADJ;SG;LGSPEC9
chungu	wachungu	N;PL;LGSPEC1
chungu	machungu	N;PL;LGSPEC7
chungu	kuchungu	N;PL;LGSPEC6
chungu	pachungu	N;SG;LGSPEC8
chungu	kuchungu	N;SG;LGSPEC6
chungu	chungu	N;PL;LGSPEC4
chungu	mchungu	N;SG;LGSPEC5
chungu	chungu	N;SG;LGSPEC7
chungu	mchungu	N;SG;LGSPEC2
chungu	muchungu	N;PL;LGSPEC9
chungu	chungu	N;PL;LGSPEC5
chungu	michungu	N;PL;LGSPEC2
chungu	chungu	N;SG;LGSPEC4
chungu	vichungu	N;PL;LGSPEC3
chungu	kichungu	N;SG;LGSPEC3
chungu	mchungu	N;SG;LGSPEC1
chungu	pachungu	N;PL;LGSPEC8
chungu	muchungu	N;SG;LGSPEC9
ema	wema	ADJ;PL;LGSPEC1
ema	mema	ADJ;PL;LGSPEC7
ema	kwema	ADJ;PL;LGSPEC6
ema	pema	ADJ;SG;LGSPEC8
ema	kwema	ADJ;SG;LGSPEC6
ema	njema	ADJ;PL;LGSPEC4
ema	mwema	ADJ;SG;LGSPEC5
ema	jema	ADJ;SG;LGSPEC7
ema	mwema	ADJ;SG;LGSPEC2
ema	mwema	ADJ;PL;LGSPEC9
ema	njema	ADJ;PL;LGSPEC5
ema	myema	ADJ;PL;LGSPEC2
ema	njema	ADJ;SG;LGSPEC4
ema	vyema	ADJ;PL;LGSPEC3
ema	chema	ADJ;SG;LGSPEC3
ema	mwema	ADJ;SG;LGSPEC1
ema	pema	ADJ;PL;LGSPEC8
ema	mwema	ADJ;SG;LGSPEC9
enda	amekwenda	V;FIN;IND;PST;PRF;3;SG;LGSPEC1
enda	ukienda	V;FIN;SUBJ;COM;PST;3;SG;LGSPEC2
enda	ukaende	V;FIN;SUBJ;LGSPEC10;3;SG;LGSPEC2
enda	inaenda	V;FIN;IND;PRES;3;PL;LGSPEC2
enda	waenda	V;FIN;INDF3;PL;LGSPEC1
enda	ikaenda	V;FIN;IND;LGSPEC10;3;PL;LGSPEC2
enda	vimekwenda	V;FIN;IND;PST;PRF;3;PL;LGSPEC4
enda	vilikwenda	V;FIN;IND;PST;3;PL;LGSPEC4
enda	chaenda	V;FIN;IND;INDF3;SG;LGSPEC4
enda	twende	V;FIN;SUBJ;PST;1;PL
enda	vingalikwenda	V;FIN;IND;COND;PST;3;PL;LGSPEC4
enda	litakwenda	V;FIN;IND;FUT;3;SG;LGSPEC3
enda	zitakwenda	V;FIN;IND;FUT;3;PL;LGSPEC5
enda	yakaende	V;FIN;SUBJ;LGSPEC10;3;PL;LGSPEC3
enda	ingekwenda	V;FIN;IND;COND;PRES;3;SG;LGSPEC5
enda	ilikwenda	V;FIN;IND;PST;3;SG;LGSPEC5
enda	zikienda	V;FIN;SUBJ;COM;PST;3;PL;LGSPEC6
enda	lingalikwenda	V;FIN;IND;COND;PST;3;SG;LGSPEC3
enda	kingekwenda	V;FIN;IND;COND;PRES;3;SG;LGSPEC4
enda	kimekwenda	V;FIN;IND;PST;PRF;3;SG;LGSPEC4
enda	liende	V;FIN;IND;PST;3;SG;LGSPEC3
enda	nikienda	V;FIN;SUBJ;COM;PST;1;SG
enda	ikaende	V;FIN;SUBJ;LGSPEC10;3;SG;LGSPEC5
enda	wanaenda	V;FIN;IND;PRES;3;PL;LGSPEC1
enda	zaenda	V;FIN;INDF3;PL;LGSPEC6
enda	tukaenda	V;FIN;IND;LGSPEC10;1;PL
enda	wamekwenda	V;FIN;IND;PST;PRF;3;PL;LGSPEC1
enda	naenda	V;FIN;IND;IND;INDF1;SG
enda	utakwenda	V;FIN;IND;FUT;2;SG
enda	linakwenda	V;FIN;IND;PRES;3;SG;LGSPEC3
enda	akaenda	V;FIN;IND;LGSPEC10;3;SG;LGSPEC1
enda	limekwenda	V;FIN;IND;PST;PRF;3;SG;LGSPEC3
enda	ukienda	V;FIN;SUBJ;COM;PST;2;SG
enda	kwenda	V;NFIN
enda	tungalikwenda	V;FIN;IND;COND;PST;1;PL
enda	tukienda	V;FIN;SUBJ;COM;PST;1;PL
enda	umekwenda	V;FIN;IND;PST;PRF;3;SG;LGSPEC6
enda	ukienda	V;FIN;SUBJ;COM;PST;3;SG;LGSPEC6
enda	iende	V;FIN;IND;PST;3;SG;LGSPEC5
enda	zinaenda	V;FIN;IND;PRES;3;PL;LGSPEC6
enda	zikaenda	V;FIN;IND;LGSPEC7;3;PL;LGSPEC6
enda	ingekwenda	V;FIN;IND;COND;PRES;3;PL;LGSPEC2
enda	mlikwenda	V;FIN;IND;PST;2;PL
enda	yaende	V;FIN;SUBJ;PST;3;PL;LGSPEC3
enda	mngalikwenda	V;FIN;IND;COND;PST;2;PL
enda	watakwenda	V;FIN;IND;FUT;3;PL;LGSPEC1
enda	tukaende	V;FIN;SUBJ;LGSPEC10;1;PL
enda	ukaenda	V;FIN;IND;LGSPEC10;3;SG;LGSPEC2
enda	huenda	V;FIN;IND;HAB;SG
enda	ikienda	V;FIN;SUBJ;COM;PST;3;PL;LGSPEC2
enda	ungekwenda	V;FIN;IND;COND;PRES;2;SG
enda	umekwenda	V;FIN;IND;PST;PRF;2;SG
enda	niende	V;FIN;IND;PST;1;SG
enda	likienda	V;FIN;SUBJ;COM;PST;3;SG;LGSPEC3
enda	akaende	V;FIN;SUBJ;LGSPEC10;3;SG;LGSPEC1
enda	zinaenda	V;FIN;IND;PRES;3;PL;LGSPEC5
enda	yaenda	V;FIN;INDF3;PL;LGSPEC2
enda	yakaenda	V;FIN;IND;LGSPEC10;3;PL;LGSPEC3
enda	zilikwenda	V;FIN;IND;PST;3;PL;LGSPEC6
enda	zingalikwenda	V;FIN;IND;COND;PST;3;PL;LGSPEC6
enda	zimekwenda	V;FIN;IND;PST;PRF;3;PL;LGSPEC5
enda	yalikwenda	V;FIN;IND;PST;3;PL;LGSPEC3
enda	laenda	V;FIN;IND;INDF3;SG;LGSPEC3
enda	iende	V;FIN;SUBJ;PST;3;PL;LGSPEC2
enda	zingalikwenda	V;FIN;IND;COND;PST;3;PL;LGSPEC5
enda	kitakwenda	V;FIN;IND;FUT;3;SG;LGSPEC4
enda	vitakwenda	V;FIN;IND;FUT;3;PL;LGSPEC4
enda	ninakwenda	V;FIN;IND;PRES;1;SG
enda	vikaende	V;FIN;SUBJ;LGSPEC10;3;PL;LGSPEC4
enda	ungekwenda	V;FIN;IND;COND;PRES;3;SG;LGSPEC6
enda	ikaenda	V;FIN;IND;LGSPEC10;3;SG;LGSPEC5
enda	ulikwenda	V;FIN;IND;PST;3;SG;LGSPEC2
enda	zikienda	V;FIN;SUBJ;COM;PST;3;PL;LGSPEC5
enda	ungalikwenda	V;FIN;IND;COND;PST;3;SG;LGSPEC2
enda	angekwenda	V;FIN;IND;COND;PRES;3;SG;LGSPEC1
enda	nimekwenda	V;FIN;IND;PST;PRF;1;SG
enda	kiende	V;FIN;IND;PST;3;SG;LGSPEC4
enda	kikienda	V;FIN;SUBJ;COM;PST;3;SG;LGSPEC4
enda	kikaende	V;FIN;SUBJ;LGSPEC10;3;SG;LGSPEC4
enda	mnaenda	V;FIN;IND;PRES;2;PL
enda	yaenda	V;FIN;INDF3;PL;LGSPEC3
enda	mkaenda	V;FIN;IND;LGSPEC10;2;PL
enda	mngekwenda	V;FIN;IND;COND;PRES;2;PL
enda	waenda	V;FIN;IND;IND;INDF3;SG;LGSPEC2
enda	atakwenda	V;FIN;IND;FUT;3;SG;LGSPEC1
enda	yatakwenda	V;FIN;IND;FUT;3;PL;LGSPEC3
enda	kinakwenda	V;FIN;IND;PRES;3;SG;LGSPEC4
enda	ukaenda	V;FIN;IND;LGSPEC10;2;SG
enda	nilikwenda	V;FIN;IND;PST;1;SG
enda	angalikwenda	V;FIN;IND;COND;PST;3;SG;LGSPEC1
enda	umekwenda	V;FIN;IND;PST;PRF;3;SG;LGSPEC2
enda	aende	V;FIN;IND;PST;3;SG;LGSPEC1
enda	akienda	V;FIN;SUBJ;COM;PST;3;SG;LGSPEC1
enda	tunaenda	V;FIN;IND;PRES;1;PL
enda	zingekwenda	V;FIN;IND;COND;PRES;3;PL;LGSPEC6
enda	unakwenda	V;FIN;IND;PRES;3;SG;LGSPEC6
enda	ukaenda	V;FIN;IND;LGSPEC10;3;SG;LGSPEC6
enda	zitakwenda	V;FIN;IND;FUT;3;PL;LGSPEC6
enda	zikaende	V;FIN;SUBJ;LGSPEC10;3;PL;LGSPEC6
enda	ulikwenda	V;FIN;IND;PST;2;SG
enda	uende	V;FIN;IND;PST;3;SG;LGSPEC6
enda	wangekwenda	V;FIN;IND;COND;PRES;3;PL;LGSPEC1
enda	tulikwenda	V;FIN;IND;PST;1;PL
enda	wangalikwenda	V;FIN;IND;COND;PST;3;PL;LGSPEC1
enda	mtakwenda	V;FIN;IND;FUT;2;PL
enda	mkaende	V;FIN;SUBJ;LGSPEC10;2;PL
enda	wakienda	V;FIN;SUBJ;COM;PST;3;PL;LGSPEC1
enda	uende	V;FIN;IND;PST;2;SG
enda	ukaende	V;FIN;SUBJ;LGSPEC10;2;SG
enda	vinaenda	V;FIN;IND;PRES;3;PL;LGSPEC4
enda	twaenda	V;FIN;INDF1;PL
enda	vikaenda	V;FIN;IND;LGSPEC10;3;PL;LGSPEC4
enda	huenda	V;FIN;IND;HAB;PL
enda	vingekwenda	V;FIN;IND;COND;PRES;3;PL;LGSPEC4
enda	imekwenda	V;FIN;IND;PST;PRF;3;PL;LGSPEC2
enda	ilikwenda	V;FIN;IND;PST;3;PL;LGSPEC2
enda	waenda	V;FIN;IND;INDF3;SG;LGSPEC6
enda	waende	V;FIN;SUBJ;PST;3;PL;LGSPEC1
enda	ingalikwenda	V;FIN;IND;COND;PST;3;PL;LGSPEC2
enda	itakwenda	V;FIN;IND;FUT;3;SG;LGSPEC5
enda	tutakwenda	V;FIN;IND;FUT;1;PL
enda	unakwenda	V;FIN;IND;PRES;2;SG
enda	zikaende	V;FIN;SUBJ;LGSPEC10;3;PL;LGSPEC5
enda	ziende	V;FIN;SUBJ;PST;3;PL;LGSPEC6
enda	kikaenda	V;FIN;IND;LGSPEC10;3;SG;LGSPEC4
enda	lilikwenda	V;FIN;IND;PST;3;SG;LGSPEC3
enda	vikienda	V;FIN;SUBJ;COM;PST;3;PL;LGSPEC4
enda	ingalikwenda	V;FIN;IND;COND;PST;3;SG;LGSPEC5
enda	ungekwenda	V;FIN;IND;COND;PRES;3;SG;LGSPEC2
enda	ulikwenda	V;FIN;IND;PST;3;SG;LGSPEC6
enda	ungalikwenda	V;FIN;IND;COND;PST;3;SG;LGSPEC6
enda	ikienda	V;FIN;SUBJ;COM;PST;3;SG;LGSPEC5
enda	likaende	V;FIN;SUBJ;LGSPEC10;3;SG;LGSPEC3
enda	yanaenda	V;FIN;IND;PRES;3;PL;LGSPEC3
enda	vyaenda	V;FIN;INDF3;PL;LGSPEC4
enda	wakaenda	V;FIN;IND;LGSPEC10;3;PL;LGSPEC1
enda	tungekwenda	V;FIN;IND;COND;PRES;1;PL
enda	tumekwenda	V;FIN;IND;PST;PRF;1;PL
enda	zilikwenda	V;FIN;IND;PST;3;PL;LGSPEC5
enda	aenda	V;FIN;IND;IND;INDF3;SG;LGSPEC1
enda	mwende	V;FIN;SUBJ;PST;2;PL
enda	utakwenda	V;FIN;IND;FUT;3;SG;LGSPEC2
enda	itakwenda	V;FIN;IND;FUT;3;PL;LGSPEC2
enda	inakwenda	V;FIN;IND;PRES;3;SG;LGSPEC5
enda	ikaende	V;FIN;SUBJ;LGSPEC10;3;PL;LGSPEC2
enda	nikaenda	V;FIN;IND;LGSPEC10;1;SG
enda	kilikwenda	V;FIN;IND;PST;3;SG;LGSPEC4
enda	ungalikwenda	V;FIN;IND;COND;PST;2;SG
enda	lingekwenda	V;FIN;IND;COND;PRES;3;SG;LGSPEC3
enda	imekwenda	V;FIN;IND;PST;PRF;3;SG;LGSPEC5
enda	uende	V;FIN;IND;PST;3;SG;LGSPEC2
enda	ukaende	V;FIN;SUBJ;LGSPEC10;3;SG;LGSPEC6
enda	zaenda	V;FIN;INDF3;PL;LGSPEC5
enda	zingekwenda	V;FIN;IND;COND;PRES;3;PL;LGSPEC5
enda	mmekwenda	V;FIN;IND;PST;PRF;2;PL
enda	waenda	V;FIN;IND;IND;INDF2;SG
enda	nitakwenda	V;FIN;IND;FUT;1;SG
enda	unakwenda	V;FIN;IND;PRES;3;SG;LGSPEC2
enda	alikwenda	V;FIN;IND;PST;3;SG;LGSPEC1
enda	ningalikwenda	V;FIN;IND;COND;PST;1;SG
enda	wakaende	V;FIN;SUBJ;LGSPEC10;3;PL;LGSPEC1
enda	mkienda	V;FIN;SUBJ;COM;PST;2;PL
enda	nikaende	V;FIN;SUBJ;LGSPEC10;1;SG
enda	mwaenda	V;FIN;INDF2;PL
enda	zikaenda	V;FIN;IND;LGSPEC10;3;PL;LGSPEC5
enda	yangekwenda	V;FIN;IND;COND;PRES;3;PL;LGSPEC3
enda	yamekwenda	V;FIN;IND;PST;PRF;3;PL;LGSPEC3
enda	walikwenda	V;FIN;IND;PST;3;PL;LGSPEC1
enda	yaenda	V;FIN;IND;INDF3;SG;LGSPEC5
enda	viende	V;FIN;SUBJ;PST;3;PL;LGSPEC4
enda	yangalikwenda	V;FIN;IND;COND;PST;3;PL;LGSPEC3
enda	utakwenda	V;FIN;IND;FUT;3;SG;LGSPEC6
enda	zimekwenda	V;FIN;IND;PST;PRF;3;PL;LGSPEC6
enda	anakwenda	V;FIN;IND;PRES;3;SG;LGSPEC1
enda	ziende	V;FIN;SUBJ;PST;3;PL;LGSPEC5
enda	likaenda	V;FIN;IND;LGSPEC10;3;SG;LGSPEC3
enda	yakienda	V;FIN;SUBJ;COM;PST;3;PL;LGSPEC3
enda	kingalikwenda	V;FIN;IND;COND;PST;3;SG;LGSPEC4
enda	ningekwenda	V;FIN;IND;COND;PRES;1;SG
erevu	werevu	ADJ;PL;LGSPEC1
erevu	merevu	ADJ;PL;LGSPEC7
erevu	kwerevu	ADJ;PL;LGSPEC6
erevu	perevu	ADJ;SG;LGSPEC8
erevu	kwerevu	ADJ;SG;LGSPEC6
erevu	nyerevu	ADJ;PL;LGSPEC4
erevu	mwerevu	ADJ;SG;LGSPEC5
erevu	jerevu	ADJ;SG;LGSPEC7
erevu	mwerevu	ADJ;SG;LGSPEC2
erevu	mwerevu	ADJ;PL;LGSPEC9
erevu	nyerevu	ADJ;PL;LGSPEC5
erevu	myerevu	ADJ;PL;LGSPEC2
erevu	nyerevu	ADJ;SG;LGSPEC4
erevu	vyerevu	ADJ;PL;LGSPEC3
erevu	cherevu	ADJ;SG;LGSPEC3
erevu	mwerevu	ADJ;SG;LGSPEC1
erevu	perevu	ADJ;PL;LGSPEC8
erevu	mwerevu	ADJ;SG;LGSPEC9
fa	amekufa	V;FIN;IND;PST;PRF;3;SG;LGSPEC1
fa	ukifa	V;FIN;SUBJ;COM;PST;3;SG;LGSPEC2
fa	ukafe	V;FIN;SUBJ;LGSPEC10;3;SG;LGSPEC2
fa	inafa	V;FIN;IND;PRES;3;PL;LGSPEC2
fa	wafa	V;FIN;INDF3;PL;LGSPEC1
fa	ikafa	V;FIN;IND;LGSPEC10;3;PL;LGSPEC2
fa	vimekufa	V;FIN;IND;PST;PRF;3;PL;LGSPEC4
fa	vilikufa	V;FIN;IND;PST;3;PL;LGSPEC4
fa	chafa	V;FIN;IND;INDF3;SG;LGSPEC4
fa	tufe	V;FIN;SUBJ;PST;1;PL
fa	vingalikufa	V;FIN;IND;COND;PST;3;PL;LGSPEC4
fa	litakufa	V;FIN;IND;FUT;3;SG;LGSPEC3
fa	zitakufa	V;FIN;IND;FUT;3;PL;LGSPEC5
fa	yakafe	V;FIN;SUBJ;LGSPEC10;3;PL;LGSPEC3
fa	ingekufa	V;FIN;IND;COND;PRES;3;SG;LGSPEC5
fa	ilikufa	V;FIN;IND;PST;3;SG;LGSPEC5
fa	zikifa	V;FIN;SUBJ;COM;PST;3;PL;LGSPEC6
fa	lingalikufa	V;FIN;IND;COND;PST;3;SG;LGSPEC3
fa	kingekufa	V;FIN;IND;COND;PRES;3;SG;LGSPEC4
fa	kimekufa	V;FIN;IND;PST;PRF;3;SG;LGSPEC4
fa	life	V;FIN;IND;PST;3;SG;LGSPEC3
fa	nikifa	V;FIN;SUBJ;COM;PST;1;SG
fa	ikafe	V;FIN;SUBJ;LGSPEC10;3;SG;LGSPEC5
fa	wanafa	V;FIN;IND;PRES;3;PL;LGSPEC1
fa	zafa	V;FIN;INDF3;PL;LGSPEC6
fa	tukafa	V;FIN;IND;LGSPEC10;1;PL
fa	wamekufa	V;FIN;IND;PST;PRF;3;PL;LGSPEC1
fa	nafa	V;FIN;IND;IND;INDF1;SG
fa	utakufa	V;FIN;IND;FUT;2;SG
fa	linakufa	V;FIN;IND;PRES;3;SG;LGSPEC3
fa	akafa	V;FIN;IND;LGSPEC10;3;SG;LGSPEC1
fa	limekufa	V;FIN;IND;PST;PRF;3;SG;LGSPEC3
fa	ukifa	V;FIN;SUBJ;COM;PST;2;SG
fa	kufa	V;NFIN
fa	tungalikufa	V;FIN;IND;COND;PST;1;PL
fa	tukifa	V;FIN;SUBJ;COM;PST;1;PL
fa	umekufa	V;FIN;IND;PST;PRF;3;SG;LGSPEC6
fa	ukifa	V;FIN;SUBJ;COM;PST;3;SG;LGSPEC6
fa	ife	V;FIN;IND;PST;3;SG;LGSPEC5
fa	zinafa	V;FIN;IND;PRES;3;PL;LGSPEC6
fa	zikafa	V;FIN;IND;LGSPEC7;3;PL;LGSPEC6
fa	ingekufa	V;FIN;IND;COND;PRES;3;PL;LGSPEC2
fa	mlikufa	V;FIN;IND;PST;2;PL
fa	yafe	V;FIN;SUBJ;PST;3;PL;LGSPEC3
fa	mngalikufa	V;FIN;IND;COND;PST;2;PL
fa	watakufa	V;FIN;IND;FUT;3;PL;LGSPEC1
fa	tukafe	V;FIN;SUBJ;LGSPEC10;1;PL
fa	ukafa	V;FIN;IND;LGSPEC10;3;SG;LGSPEC2
fa	hufa	V;FIN;IND;HAB;SG
fa	ikifa	V;FIN;SUBJ;COM;PST;3;PL;LGSPEC2
fa	ungekufa	V;FIN;IND;COND;PRES;2;SG
fa	umekufa	V;FIN;IND;PST;PRF;2;SG
fa	nife	V;FIN;IND;PST;1;SG
fa	likifa	V;FIN;SUBJ;COM;PST;3;SG;LGSPEC3
fa	akafe	V;FIN;SUBJ;LGSPEC10;3;SG;LGSPEC1
fa	zinafa	V;FIN;IND;PRES;3;PL;LGSPEC5
fa	yafa	V;FIN;INDF3;PL;LGSPEC2
fa	yakafa	V;FIN;IND;LGSPEC10;3;PL;LGSPEC3
fa	zilikufa	V;FIN;IND;PST;3;PL;LGSPEC6
fa	zingalikufa	V;FIN;IND;COND;PST;3;PL;LGSPEC6
fa	zimekufa	V;FIN;IND;PST;PRF;3;PL;LGSPEC5
fa	yalikufa	V;FIN;IND;PST;3;PL;LGSPEC3
fa	lafa	V;FIN;IND;INDF3;SG;LGSPEC3
fa	ife	V;FIN;SUBJ;PST;3;PL;LGSPEC2
fa	zingalikufa	V;FIN;IND;COND;PST;3;PL;LGSPEC5
fa	kitakufa	V;FIN;IND;FUT;3;SG;LGSPEC4
fa	vitakufa	V;FIN;IND;FUT;3;PL;LGSPEC4
fa	ninakufa	V;FIN;IND;PRES;1;SG
fa	vikafe	V;FIN;SUBJ;LGSPEC10;3;PL;LGSPEC4
fa	ungekufa	V;FIN;IND;COND;PRES;3;SG;LGSPEC6
fa	ikafa	V;FIN;IND;LGSPEC10;3;SG;LGSPEC5
fa	ulikufa	V;FIN;IND;PST;3;SG;LGSPEC2
fa	zikifa	V;FIN;SUBJ;COM;PST;3;PL;LGSPEC5
fa	ungalikufa	V;FIN;IND;COND;PST;3;SG;LGSPEC2
fa	angekufa	V;FIN;IND;COND;PRES;3;SG;LGSPEC1
fa	nimekufa	V;FIN;IND;PST;PRF;1;SG
fa	kife	V;FIN;IND;PST;3;SG;LGSPEC4
fa	kikifa	V;FIN;SUBJ;COM;PST;3;SG;LGSPEC4
fa	kikafe	V;FIN;SUBJ;LGSPEC10;3;SG;LGSPEC4
fa	mnafa	V;FIN;IND;PRES;2;PL
fa	yafa	V;FIN;INDF3;PL;LGSPEC3
fa	mkafa	V;FIN;IND;LGSPEC10;2;PL
fa	mngekufa	V;FIN;IND;COND;PRES;2;PL
fa	wafa	V;FIN;IND;IND;INDF3;SG;LGSPEC2
fa	atakufa	V;FIN;IND;FUT;3;SG;LGSPEC1
fa	yatakufa	V;FIN;IND;FUT;3;PL;LGSPEC3
fa	kinakufa	V;FIN;IND;PRES;3;SG;LGSPEC4
fa	ukafa	V;FIN;IND;LGSPEC10;2;SG
fa	nilikufa	V;FIN;IND;PST;1;SG
fa	angalikufa	V;FIN;IND;COND;PST;3;SG;LGSPEC1
fa	umekufa	V;FIN;IND;PST;PRF;3;SG;LGSPEC2
fa	afe	V;FIN;IND;PST;3;SG;LGSPEC1
fa	akifa	V;FIN;SUBJ;COM;PST;3;SG;LGSPEC1
fa	tunafa	V;FIN;IND;PRES;1;PL
fa	zingekufa	V;FIN;IND;COND;PRES;3;PL;LGSPEC6
fa	unakufa	V;FIN;IND;PRES;3;SG;LGSPEC6
fa	ukafa	V;FIN;IND;LGSPEC10;3;SG;LGSPEC6
fa	zitakufa	V;FIN;IND;FUT;3;PL;LGSPEC6
fa	zikafe	V;FIN;SUBJ;LGSPEC10;3;PL;LGSPEC6
fa	ulikufa	V;FIN;IND;PST;2;SG
fa	ufe	V;FIN;IND;PST;3;SG;LGSPEC6
fa	wangekufa	V;FIN;IND;COND;PRES;3;PL;LGSPEC1
fa	tulikufa	V;FIN;IND;PST;1;PL
fa	wangalikufa	V;FIN;IND;COND;PST;3;PL;LGSPEC1
fa	mtakufa	V;FIN;IND;FUT;2;PL
fa	mkafe	V;FIN;SUBJ;LGSPEC10;2;PL
fa	wakifa	V;FIN;SUBJ;COM;PST;3;PL;LGSPEC1
fa	ufe	V;FIN;IND;PST;2;SG
fa	ukafe	V;FIN;SUBJ;LGSPEC10;2;SG
fa	vinafa	V;FIN;IND;PRES;3;PL;LGSPEC4
fa	twafa	V;FIN;INDF1;PL
fa	vikafa	V;FIN;IND;LGSPEC10;3;PL;LGSPEC4
fa	hufa	V;FIN;IND;HAB;PL
fa	vingekufa	V;FIN;IND;COND;PRES;3;PL;LGSPEC4
fa	imekufa	V;FIN;IND;PST;PRF;3;PL;LGSPEC2
fa	ilikufa	V;FIN;IND;PST;3;PL;LGSPEC2
fa	wafa	V;FIN;IND;INDF3;SG;LGSPEC6
fa	wafe	V;FIN;SUBJ;PST;3;PL;LGSPEC1
fa	ingalikufa	V;FIN;IND;COND;PST;3;PL;LGSPEC2
fa	itakufa	V;FIN;IND;FUT;3;SG;LGSPEC5
fa	tutakufa	V;FIN;IND;FUT;1;PL
fa	unakufa	V;FIN;IND;PRES;2;SG
fa	zikafe	V;FIN;SUBJ;LGSPEC10;3;PL;LGSPEC5
fa	zife	V;FIN;SUBJ;PST;3;PL;LGSPEC6
fa	kikafa	V;FIN;IND;LGSPEC10;3;SG;LGSPEC4
fa	lilikufa	V;FIN;IND;PST;3;SG;LGSPEC3
fa	vikifa	V;FIN;SUBJ;COM;PST;3;PL;LGSPEC4
fa	ingalikufa	V;FIN;IND;COND;PST;3;SG;LGSPEC5
fa	ungekufa	V;FIN;IND;COND;PRES;3;SG;LGSPEC2
fa	ulikufa	V;FIN;IND;PST;3;SG;LGSPEC6
fa	ungalikufa	V;FIN;IND;COND;PST;3;SG;LGSPEC6
fa	ikifa	V;FIN;SUBJ;COM;PST;3;SG;LGSPEC5
fa	likafe	V;FIN;SUBJ;LGSPEC10;3;SG;LGSPEC3
fa	yanafa	V;FIN;IND;PRES;3;PL;LGSPEC3
fa	vyafa	V;FIN;INDF3;PL;LGSPEC4
fa	wakafa	V;FIN;IND;LGSPEC10;3;PL;LGSPEC1
fa	tungekufa	V;FIN;IND;COND;PRES;1;PL
fa	tumekufa	V;FIN;IND;PST;PRF;1;PL
fa	zilikufa	V;FIN;IND;PST;3;PL;LGSPEC5
fa	afa	V;FIN;IND;IND;INDF3;SG;LGSPEC1
fa	mfe	V;FIN;SUBJ;PST;2;PL
fa	utakufa	V;FIN;IND;FUT;3;SG;LGSPEC2
fa	itakufa	V;FIN;IND;FUT;3;PL;LGSPEC2
fa	inakufa	V;FIN;IND;PRES;3;SG;LGSPEC5
fa	ikafe	V;FIN;SUBJ;LGSPEC10;3;PL;LGSPEC2
fa	nikafa	V;FIN;IND;LGSPEC10;1;SG
fa	kilikufa	V;FIN;IND;PST;3;SG;LGSPEC4
fa	ungalikufa	V;FIN;IND;COND;PST;2;SG
fa	lingekufa	V;FIN;IND;COND;PRES;3;SG;LGSPEC3
fa	imekufa	V;FIN;IND;PST;PRF;3;SG;LGSPEC5
fa	ufe	V;FIN;IND;PST;3;SG;LGSPEC2
fa	ukafe	V;FIN;SUBJ;LGSPEC10;3;SG;LGSPEC6
fa	zafa	V;FIN;INDF3;PL;LGSPEC5
fa	zingekufa	V;FIN;IND;COND;PRES;3;PL;LGSPEC5
fa	mmekufa	V;FIN;IND;PST;PRF;2;PL
fa	wafa	V;FIN;IND;IND;INDF2;SG
fa	nitakufa	V;FIN;IND;FUT;1;SG
fa	unakufa	V;FIN;IND;PRES;3;SG;LGSPEC2
fa	alikufa	V;FIN;IND;PST;3;SG;LGSPEC1
fa	ningalikufa	V;FIN;IND;COND;PST;1;SG
fa	wakafe	V;FIN;SUBJ;LGSPEC10;3;PL;LGSPEC1
fa	mkifa	V;FIN;SUBJ;COM;PST;2;PL
fa	nikafe	V;FIN;SUBJ;LGSPEC10;1;SG
fa	mwafa	V;FIN;INDF2;PL
fa	zikafa	V;FIN;IND;LGSPEC10;3;PL;LGSPEC5
fa	yangekufa	V;FIN;IND;COND;PRES;3;PL;LGSPEC3
fa	yamekufa	V;FIN;IND;PST;PRF;3;PL;LGSPEC3
fa	walikufa	V;FIN;IND;PST;3;PL;LGSPEC1
fa	yafa	V;FIN;IND;INDF3;SG;LGSPEC5
fa	vife	V;FIN;SUBJ;PST;3;PL;LGSPEC4
fa	yangalikufa	V;FIN;IND;COND;PST;3;PL;LGSPEC3
fa	utakufa	V;FIN;IND;FUT;3;SG;LGSPEC6
fa	zimekufa	V;FIN;IND;PST;PRF;3;PL;LGSPEC6
fa	anakufa	V;FIN;IND;PRES;3;SG;LGSPEC1
fa	zife	V;FIN;SUBJ;PST;3;PL;LGSPEC5
fa	likafa	V;FIN;IND;LGSPEC10;3;SG;LGSPEC3
fa	yakifa	V;FIN;SUBJ;COM;PST;3;PL;LGSPEC3
fa	kingalikufa	V;FIN;IND;COND;PST;3;SG;LGSPEC4
fa	ningekufa	V;FIN;IND;COND;PRES;1;SG